{"type": "FeatureCollection", "features": [{"type": "Feature", "geometry": {"type": "Polygon", "coordinates": [[[-122.26058, 37.81083], [-122.2606, 37.81087], [-122.26062, 37.81091], [-122.26064, 37.81095], [-122.26066, 37.81099], [-122.26069, 37.81103], [-122.2607, 37.81107], [-122.26072, 37.8111], [-122.26074, 37.81114], [-122.26102, 37.81099], [-122.261, 37.81084], [-122.26053, 37.81076], [-122.26058, 37.81083]]]}, "properties": {"APN": "010 0768 006 01", "ST_NO": "210", "STNAME": "Grand Av", "OWNER": "City of Oakland", "AGENCY": "LEA", "DEPT": "AHHS", "USE": "Veteran's Memorial Bldg.", "COUNCIL_DISTRICT": "CCD3", "CITY": "Oakland", "ZIPCODE": 94610, "LOT_SIZE": "9475           ", "BLD_SIZE": null}}, {"type": "Feature", "geometry": {"type": "Polygon", "coordinates": [[[-122.2616, 37.82322], [-122.26158, 37.82326], [-122.26158, 37.82326], [-122.26158, 37.82326], [-122.26158, 37.82326], [-122.26158, 37.82326], [-122.26158, 37.82326], [-122.26158, 37.82326], [-122.26158, 37.82326], [-122.26158, 37.82326], [-122.26158, 37.82327], [-122.26158, 37.82327], [-122.26158, 37.82327], [-122.26158, 37.82327], [-122.26158, 37.82327], [-122.26158, 37.82327], [-122.26158, 37.82327], [-122.26158, 37.82327], [-122.26158, 37.82328], [-122.26158, 37.82328], [-122.26158, 37.82328], [-122.26158, 37.82328], [-122.26158, 37.82328], [-122.26158, 37.82328], [-122.26158, 37.82328], [-122.26158, 37.82328], [-122.26158, 37.82328], [-122.26158, 37.82329], [-122.26158, 37.82329], [-122.26158, 37.82329], [-122.26158, 37.82329], [-122.26158, 37.82329], [-122.26158, 37.82329], [-122.26158, 37.82329], [-122.26159, 37.82329], [-122.26159, 37.8233], [-122.26159, 37.8233], [-122.26159, 37.8233], [-122.26159, 37.8233], [-122.26159, 37.8233], [-122.26159, 37.8233], [-122.26159, 37.8233], [-122.26159, 37.8233], [-122.26159, 37.8233], [-122.26159, 37.82331], [-122.26159, 37.82331], [-122.26159, 37.82331], [-122.26159, 37.82331], [-122.26159, 37.82331], [-122.2616, 37.82331], [-122.2616, 37.82331], [-122.2616, 37.82331], [-122.2616, 37.82331], [-122.2616, 37.82331], [-122.26189, 37.8236], [-122.2619, 37.82359], [-122.2619, 37.82357], [-122.2619, 37.82355], [-122.2619, 37.82354], [-122.26191, 37.82352], [-122.26191, 37.8235], [-122.26191, 37.82349], [-122.26191, 37.82347], [-122.26191, 37.82345], [-122.26191, 37.82343], [-122.26191, 37.82342], [-122.26191, 37.8234], [-122.26191, 37.82338], [-122.26191, 37.82337], [-122.26191, 37.82335], [-122.2619, 37.82332], [-122.2619, 37.82331], [-122.2619, 37.8233], [-122.2616, 37.82322]]]}, "properties": {"APN": "009 0745 053 03", "ST_NO": "405", "STNAME": "36th St", "OWNER": "City of Oakland", "AGENCY": "LEA", "DEPT": "OPR", "USE": "Mosswood Park", "COUNCIL_DISTRICT": "CCD3", "CITY": "Oakland", "ZIPCODE": 94609, "LOT_SIZE": "7240           ", "BLD_SIZE": null}}, {"type": "Feature", "geometry": {"type": "Polygon", "coordinates": [[[-122.28674, 37.80933], [-122.28683, 37.80935], [-122.28683, 37.80934], [-122.28674, 37.80932], [-122.28674, 37.80933]]]}, "properties": {"APN": "004 0035 002 07", "ST_NO": "0", "STNAME": "14th St", "OWNER": "Redevelopment Agency", "AGENCY": "CEDA", "DEPT": "Housing", "USE": null, "COUNCIL_DISTRICT": "CCD3", "CITY": "Oakland", "ZIPCODE": 94607, "LOT_SIZE": "0              ", "BLD_SIZE": null}}, {"type": "Feature", "geometry": {"type": "Polygon", "coordinates": [[[-122.28291, 37.80869], [-122.28307, 37.80872], [-122.28311, 37.80872], [-122.28314, 37.80873], [-122.28316, 37.80873], [-122.28319, 37.80873], [-122.28322, 37.80874], [-122.28325, 37.80874], [-122.28327, 37.80874], [-122.2833, 37.80875], [-122.28333, 37.80875], [-122.28335, 37.80876], [-122.28338, 37.80876], [-122.28483, 37.80909], [-122.2848, 37.80916], [-122.2851, 37.80923], [-122.28513, 37.80916], [-122.28522, 37.80918], [-122.28555, 37.80829], [-122.28545, 37.80827], [-122.28556, 37.80797], [-122.28335, 37.80747], [-122.28324, 37.80777], [-122.2832, 37.8079], [-122.28312, 37.80811], [-122.28308, 37.80822], [-122.28291, 37.80869]]]}, "properties": {"APN": "004 0013 016 02", "ST_NO": "1026", "STNAME": "12th St", "OWNER": "City of Oakland", "AGENCY": "LEA", "DEPT": "OPR", "USE": "Lowell Park", "COUNCIL_DISTRICT": "CCD3", "CITY": "Oakland", "ZIPCODE": 94607, "LOT_SIZE": "355808         ", "BLD_SIZE": null}}, {"type": "Feature", "geometry": {"type": "Polygon", "coordinates": [[[-122.27305, 37.80878], [-122.27301, 37.80885], [-122.27302, 37.80892], [-122.27329, 37.80887], [-122.27324, 37.80874], [-122.27324, 37.80875], [-122.27322, 37.80875], [-122.27321, 37.80875], [-122.2732, 37.80875], [-122.27319, 37.80875], [-122.27318, 37.80875], [-122.27317, 37.80875], [-122.27316, 37.80876], [-122.27314, 37.80876], [-122.27314, 37.80876], [-122.27305, 37.80878]]]}, "properties": {"APN": "003 0061 001 02", "ST_NO": null, "STNAME": "San Pablo Av", "OWNER": "City of Oakland", "AGENCY": "PWA", "DEPT": "Public Works", "USE": "Street", "COUNCIL_DISTRICT": null, "CITY": "Oakland", "ZIPCODE": null, "LOT_SIZE": "3726           ", "BLD_SIZE": null}}, {"type": "Feature", "geometry": {"type": "Polygon", "coordinates": [[[-122.26247, 37.83744], [-122.2625, 37.83744], [-122.26251, 37.83745], [-122.26253, 37.83745], [-122.26254, 37.83745], [-122.26256, 37.83746], [-122.26257, 37.83746], [-122.26259, 37.83747], [-122.2626, 37.83747], [-122.26261, 37.83747], [-122.26263, 37.83748], [-122.26264, 37.83748], [-122.26266, 37.83749], [-122.26267, 37.83749], [-122.26268, 37.8375], [-122.2627, 37.83751], [-122.26271, 37.83751], [-122.26273, 37.83752], [-122.26274, 37.83752], [-122.26275, 37.83753], [-122.26276, 37.83754], [-122.26278, 37.83754], [-122.26279, 37.83755], [-122.2628, 37.83756], [-122.26282, 37.83756], [-122.26283, 37.83757], [-122.26284, 37.83758], [-122.26285, 37.83759], [-122.26286, 37.8376], [-122.26288, 37.8376], [-122.26289, 37.83761], [-122.2629, 37.83762], [-122.26307, 37.83775], [-122.26308, 37.83775], [-122.26308, 37.83776], [-122.26308, 37.83776], [-122.26308, 37.83776], [-122.26308, 37.83776], [-122.26308, 37.83776], [-122.26308, 37.83776], [-122.26308, 37.83776], [-122.26308, 37.83776], [-122.26308, 37.83776], [-122.26308, 37.83776], [-122.26308, 37.83776], [-122.26309, 37.83777], [-122.26309, 37.83777], [-122.26309, 37.83777], [-122.26309, 37.83777], [-122.26309, 37.83777], [-122.26309, 37.83777], [-122.26309, 37.83777], [-122.26309, 37.83777], [-122.26309, 37.83777], [-122.26309, 37.83778], [-122.26309, 37.83778], [-122.26309, 37.83778], [-122.26309, 37.83778], [-122.26309, 37.83778], [-122.26309, 37.83778], [-122.26309, 37.83778], [-122.26309, 37.83778], [-122.26309, 37.83778], [-122.26309, 37.83779], [-122.26309, 37.83779], [-122.26309, 37.83779], [-122.26309, 37.83779], [-122.26309, 37.83779], [-122.26309, 37.83779], [-122.26309, 37.83779], [-122.26309, 37.83779], [-122.26309, 37.83779], [-122.26308, 37.8378], [-122.26308, 37.8378], [-122.26308, 37.8378], [-122.26308, 37.8378], [-122.26308, 37.8378], [-122.26308, 37.8378], [-122.26308, 37.8378], [-122.26308, 37.8378], [-122.26308, 37.8378], [-122.26308, 37.8378], [-122.26308, 37.83781], [-122.26308, 37.83781], [-122.26307, 37.83781], [-122.26307, 37.83781], [-122.26307, 37.83781], [-122.26307, 37.83781], [-122.26307, 37.83781], [-122.26307, 37.83781], [-122.26307, 37.83781], [-122.26307, 37.83781], [-122.26307, 37.83781], [-122.26306, 37.83781], [-122.26306, 37.83781], [-122.26306, 37.83781], [-122.26306, 37.83781], [-122.26306, 37.83782], [-122.26306, 37.83782], [-122.26306, 37.83782], [-122.26405, 37.8377], [-122.26405, 37.83768], [-122.26401, 37.83769], [-122.26399, 37.83769], [-122.26398, 37.83769], [-122.26396, 37.83769], [-122.26395, 37.83769], [-122.26394, 37.83769], [-122.26392, 37.83769], [-122.26391, 37.83769], [-122.26389, 37.83769], [-122.26388, 37.83769], [-122.26386, 37.83769], [-122.26385, 37.83769], [-122.26383, 37.83769], [-122.26382, 37.83769], [-122.26381, 37.83769], [-122.26379, 37.83769], [-122.26378, 37.83769], [-122.26376, 37.83768], [-122.26375, 37.83768], [-122.26373, 37.83768], [-122.26372, 37.83768], [-122.26371, 37.83768], [-122.26369, 37.83767], [-122.26368, 37.83767], [-122.26366, 37.83767], [-122.26365, 37.83766], [-122.26364, 37.83766], [-122.26362, 37.83766], [-122.26361, 37.83765], [-122.2636, 37.83765], [-122.26358, 37.83764], [-122.26357, 37.83764], [-122.26356, 37.83763], [-122.26354, 37.83763], [-122.26353, 37.83763], [-122.26352, 37.83762], [-122.2635, 37.83761], [-122.26349, 37.83761], [-122.26348, 37.8376], [-122.26347, 37.8376], [-122.26345, 37.83759], [-122.26344, 37.83759], [-122.26343, 37.83758], [-122.26342, 37.83757], [-122.26341, 37.83757], [-122.26339, 37.83756], [-122.26338, 37.83755], [-122.26337, 37.83754], [-122.26336, 37.83754], [-122.26307, 37.83736], [-122.26305, 37.83734], [-122.26304, 37.83733], [-122.26302, 37.83732], [-122.263, 37.83732], [-122.26298, 37.83731], [-122.26297, 37.8373], [-122.26296, 37.8373], [-122.26294, 37.83729], [-122.26291, 37.83727], [-122.26249, 37.83732], [-122.26247, 37.83744]]]}, "properties": {"APN": "014 1218 013 03", "ST_NO": null, "STNAME": "52nd St", "OWNER": "City of Oakland", "AGENCY": "PWA", "DEPT": "Public Works", "USE": "Street", "COUNCIL_DISTRICT": "CCD1", "CITY": "Oakland", "ZIPCODE": null, "LOT_SIZE": "57716          ", "BLD_SIZE": null}}, {"type": "Feature", "geometry": {"type": "Polygon", "coordinates": [[[-122.27096, 37.81377], [-122.271, 37.81394], [-122.27115, 37.8138], [-122.27096, 37.81377]]]}, "properties": {"APN": "008 0664 046 00", "ST_NO": null, "STNAME": "24th St", "OWNER": "City of Oakland", "AGENCY": "PWA", "DEPT": "Maintenance", "USE": "Open Space, grass", "COUNCIL_DISTRICT": "CCD3", "CITY": "Oakland", "ZIPCODE": 94612, "LOT_SIZE": "0              ", "BLD_SIZE": null}}, {"type": "Feature", "geometry": {"type": "Polygon", "coordinates": [[[-122.25678, 37.83325], [-122.25787, 37.8333], [-122.25793, 37.83302], [-122.258, 37.83274], [-122.25803, 37.83259], [-122.25691, 37.83255], [-122.2569, 37.83262], [-122.25682, 37.83261], [-122.25678, 37.83325]]]}, "properties": {"APN": "013 1106 002 00", "ST_NO": "365-371", "STNAME": "45th St", "OWNER": "City of Oakland", "AGENCY": "LEA", "DEPT": "OPR", "USE": "Studio One Art Center", "COUNCIL_DISTRICT": "CCD1", "CITY": "Oakland", "ZIPCODE": 94609, "LOT_SIZE": "82235          ", "BLD_SIZE": null}}, {"type": "Feature", "geometry": {"type": "Polygon", "coordinates": [[[-122.24654, 37.81224], [-122.24683, 37.81236], [-122.24691, 37.81223], [-122.24699, 37.81211], [-122.24671, 37.812], [-122.24654, 37.81224]]]}, "properties": {"APN": "011 0836 016 00", "ST_NO": "721", "STNAME": "Walker Av", "OWNER": "City of Oakland", "AGENCY": "PWA", "DEPT": "Parking", "USE": "Grand Avenue Parking Lot", "COUNCIL_DISTRICT": "CCD2", "CITY": "Oakland", "ZIPCODE": 94610, "LOT_SIZE": "9455           ", "BLD_SIZE": null}}, {"type": "Feature", "geometry": {"type": "Polygon", "coordinates": [[[-122.25576, 37.83596], [-122.25588, 37.83601], [-122.25596, 37.83586], [-122.25591, 37.83584], [-122.25583, 37.83581], [-122.25576, 37.83596]]]}, "properties": {"APN": "013 1140 029 04", "ST_NO": "0", "STNAME": "51st St", "OWNER": "City of Oakland", "AGENCY": "PWA", "DEPT": "Maintenance", "USE": "51st. St. Remnant", "COUNCIL_DISTRICT": "CCD1", "CITY": "Oakland", "ZIPCODE": 94609, "LOT_SIZE": "0              ", "BLD_SIZE": null}}, {"type": "Feature", "geometry": {"type": "Polygon", "coordinates": [[[-122.28414, 37.81109], [-122.2843, 37.81113], [-122.28433, 37.81105], [-122.28417, 37.81102], [-122.28416, 37.81103], [-122.28414, 37.81109]]]}, "properties": {"APN": "005 0387 015 00", "ST_NO": "1608", "STNAME": "Chestnut St", "OWNER": "Redevelopment Agency", "AGENCY": "CEDA", "DEPT": "Housing", "USE": "Private house", "COUNCIL_DISTRICT": "CCD3", "CITY": "Oakland", "ZIPCODE": 94607, "LOT_SIZE": "0              ", "BLD_SIZE": null}}, {"type": "Feature", "geometry": {"type": "Polygon", "coordinates": [[[-122.25711, 37.83663], [-122.25717, 37.83665], [-122.25725, 37.83655], [-122.25711, 37.83653], [-122.25704, 37.83662], [-122.25711, 37.83663]]]}, "properties": {"APN": "014 1234 017 02", "ST_NO": "384", "STNAME": "51st St", "OWNER": "City of Oakland", "AGENCY": "PWA", "DEPT": "Maintenance", "USE": "51st. St. Remnant", "COUNCIL_DISTRICT": "CCD1", "CITY": "Oakland", "ZIPCODE": 94618, "LOT_SIZE": "0              ", "BLD_SIZE": null}}, {"type": "Feature", "geometry": {"type": "Polygon", "coordinates": [[[-122.20171, 37.82697], [-122.2022, 37.82705], [-122.2022, 37.82705], [-122.20221, 37.82703], [-122.20221, 37.82702], [-122.20221, 37.827], [-122.20222, 37.82698], [-122.20222, 37.82697], [-122.20222, 37.82695], [-122.20222, 37.82693], [-122.20222, 37.82692], [-122.20222, 37.8269], [-122.20222, 37.8269], [-122.20175, 37.82686], [-122.20171, 37.82697]]]}, "properties": {"APN": "048D 7249 008 00", "ST_NO": null, "STNAME": "Shepherd Canyon Rd", "OWNER": "City of Oakland", "AGENCY": "LEA", "DEPT": "OPR", "USE": "Shepherd Canyon Park", "COUNCIL_DISTRICT": "CCD4", "CITY": "Oakland", "ZIPCODE": 94611, "LOT_SIZE": "8076           ", "BLD_SIZE": null}}, {"type": "Feature", "geometry": {"type": "Polygon", "coordinates": [[[-122.25866, 37.84291], [-122.25884, 37.843], [-122.25906, 37.84273], [-122.25866, 37.84291]]]}, "properties": {"APN": "014 1272 033 00", "ST_NO": "5820", "STNAME": "Ayala Av", "OWNER": "City of Oakland", "AGENCY": "LEA", "DEPT": "OPR", "USE": "pocket park", "COUNCIL_DISTRICT": "CCD1", "CITY": "Oakland", "ZIPCODE": null, "LOT_SIZE": "3840           ", "BLD_SIZE": null}}, {"type": "Feature", "geometry": {"type": "Polygon", "coordinates": [[[-122.21277, 37.85738], [-122.21283, 37.85743], [-122.2135, 37.85689], [-122.21309, 37.85644], [-122.21284, 37.85659], [-122.21214, 37.85697], [-122.21214, 37.85698], [-122.21216, 37.85699], [-122.21218, 37.857], [-122.21219, 37.85702], [-122.21221, 37.85703], [-122.21223, 37.85704], [-122.21225, 37.85705], [-122.21227, 37.85706], [-122.21228, 37.85708], [-122.2123, 37.85709], [-122.21232, 37.8571], [-122.21234, 37.85711], [-122.21237, 37.85713], [-122.21259, 37.85725], [-122.21262, 37.85726], [-122.21263, 37.85727], [-122.21264, 37.85728], [-122.21265, 37.85729], [-122.21267, 37.8573], [-122.21268, 37.85731], [-122.21269, 37.85731], [-122.2127, 37.85732], [-122.21271, 37.85733], [-122.21273, 37.85734], [-122.21274, 37.85735], [-122.21275, 37.85736], [-122.21276, 37.85737], [-122.21277, 37.85738]]]}, "properties": {"APN": "048H 7510 003 03", "ST_NO": null, "STNAME": "Grizzly Peak Bl", "OWNER": "City of Oakland", "AGENCY": "LEA", "DEPT": "OPR", "USE": "Grizzly Peak Open Space (", "COUNCIL_DISTRICT": "CCD1", "CITY": "Oakland", "ZIPCODE": 94611, "LOT_SIZE": "61311          ", "BLD_SIZE": null}}, {"type": "Feature", "geometry": {"type": "Polygon", "coordinates": [[[-122.20276, 37.84898], [-122.20277, 37.84898], [-122.20277, 37.84898], [-122.20277, 37.84898], [-122.20277, 37.84898], [-122.20277, 37.84898], [-122.20277, 37.84898], [-122.20277, 37.84898], [-122.20278, 37.84898], [-122.20278, 37.84898], [-122.20278, 37.84898], [-122.20278, 37.84898], [-122.20278, 37.84898], [-122.20278, 37.84898], [-122.20278, 37.84898], [-122.20279, 37.84898], [-122.20279, 37.84898], [-122.20279, 37.84898], [-122.20279, 37.84898], [-122.20279, 37.84898], [-122.20279, 37.84898], [-122.20279, 37.84898], [-122.20279, 37.84898], [-122.2028, 37.84898], [-122.2028, 37.84898], [-122.2028, 37.84898], [-122.2028, 37.84898], [-122.2028, 37.84898], [-122.2028, 37.84898], [-122.2028, 37.84898], [-122.2028, 37.84897], [-122.20281, 37.84897], [-122.20281, 37.84897], [-122.20297, 37.84883], [-122.20274, 37.84863], [-122.20286, 37.84853], [-122.20282, 37.84847], [-122.20296, 37.84836], [-122.20294, 37.8483], [-122.20293, 37.8483], [-122.20292, 37.8483], [-122.20291, 37.8483], [-122.2029, 37.8483], [-122.20288, 37.8483], [-122.20287, 37.8483], [-122.20286, 37.84831], [-122.20285, 37.84831], [-122.20283, 37.8483], [-122.20282, 37.8483], [-122.20281, 37.8483], [-122.2028, 37.8483], [-122.20278, 37.8483], [-122.20277, 37.8483], [-122.20276, 37.8483], [-122.20275, 37.8483], [-122.20273, 37.8483], [-122.20272, 37.8483], [-122.20271, 37.84829], [-122.2027, 37.84829], [-122.20269, 37.84829], [-122.20267, 37.84829], [-122.20266, 37.84828], [-122.20265, 37.84828], [-122.20264, 37.84828], [-122.20263, 37.84828], [-122.20261, 37.84827], [-122.2026, 37.84827], [-122.20259, 37.84827], [-122.20258, 37.84826], [-122.20257, 37.84826], [-122.20256, 37.84826], [-122.20256, 37.84826], [-122.20256, 37.84825], [-122.20256, 37.84825], [-122.20255, 37.84825], [-122.20255, 37.84825], [-122.20255, 37.84825], [-122.20255, 37.84825], [-122.20254, 37.84825], [-122.20254, 37.84825], [-122.20254, 37.84824], [-122.20254, 37.84824], [-122.20253, 37.84824], [-122.20253, 37.84824], [-122.20253, 37.84824], [-122.20253, 37.84824], [-122.20252, 37.84824], [-122.20252, 37.84823], [-122.20252, 37.84823], [-122.20252, 37.84823], [-122.20252, 37.84823], [-122.20251, 37.84823], [-122.20251, 37.84823], [-122.20251, 37.84822], [-122.20251, 37.84822], [-122.20251, 37.84822], [-122.2025, 37.84822], [-122.2025, 37.84822], [-122.2025, 37.84821], [-122.2025, 37.84821], [-122.2025, 37.84821], [-122.2025, 37.84821], [-122.20249, 37.84821], [-122.20249, 37.84821], [-122.20249, 37.8482], [-122.20249, 37.8482], [-122.20249, 37.8482], [-122.20249, 37.8482], [-122.20248, 37.84819], [-122.20248, 37.84819], [-122.20248, 37.84819], [-122.20248, 37.84819], [-122.20248, 37.84819], [-122.20248, 37.84818], [-122.20248, 37.84818], [-122.20248, 37.84818], [-122.20248, 37.84818], [-122.20247, 37.84818], [-122.20247, 37.84817], [-122.20247, 37.84817], [-122.20247, 37.84817], [-122.20247, 37.84817], [-122.20247, 37.84816], [-122.20247, 37.84816], [-122.20247, 37.84816], [-122.20247, 37.84816], [-122.20247, 37.84815], [-122.20247, 37.84815], [-122.20247, 37.84815], [-122.20247, 37.84815], [-122.20247, 37.84815], [-122.20247, 37.84814], [-122.20247, 37.84814], [-122.20247, 37.84814], [-122.20247, 37.84814], [-122.20247, 37.84813], [-122.20247, 37.84813], [-122.20247, 37.84813], [-122.20247, 37.84813], [-122.20247, 37.84812], [-122.20247, 37.84812], [-122.20247, 37.84812], [-122.20247, 37.84812], [-122.20247, 37.84811], [-122.20247, 37.84811], [-122.20247, 37.84811], [-122.20247, 37.84811], [-122.20247, 37.84809], [-122.20248, 37.84809], [-122.20248, 37.84808], [-122.20248, 37.84807], [-122.20248, 37.84806], [-122.20249, 37.84806], [-122.20249, 37.84805], [-122.20249, 37.84804], [-122.2025, 37.84803], [-122.2025, 37.84803], [-122.20251, 37.84802], [-122.20251, 37.84801], [-122.20251, 37.848], [-122.20252, 37.848], [-122.20252, 37.84799], [-122.20253, 37.84798], [-122.20253, 37.84798], [-122.20254, 37.84797], [-122.20254, 37.84796], [-122.20255, 37.84795], [-122.20188, 37.84839], [-122.2019, 37.84843], [-122.20248, 37.84884], [-122.20276, 37.84898]]]}, "properties": {"APN": "048G 7450 023 01", "ST_NO": null, "STNAME": "Skyline Bl", "OWNER": "City of Oakland", "AGENCY": "LEA", "DEPT": "OPR", "USE": "Lot, woods", "COUNCIL_DISTRICT": "CCD1", "CITY": "Oakland", "ZIPCODE": 94611, "LOT_SIZE": "2810           ", "BLD_SIZE": null}}, {"type": "Feature", "geometry": {"type": "Polygon", "coordinates": [[[-122.19882, 37.82193], [-122.19882, 37.82194], [-122.19881, 37.82194], [-122.19881, 37.82195], [-122.1988, 37.82195], [-122.19879, 37.82196], [-122.19878, 37.82196], [-122.19878, 37.82197], [-122.19877, 37.82197], [-122.19876, 37.82198], [-122.19875, 37.82198], [-122.19874, 37.82199], [-122.19873, 37.82199], [-122.19872, 37.822], [-122.19872, 37.822], [-122.19871, 37.82201], [-122.1987, 37.82201], [-122.19869, 37.82201], [-122.19868, 37.82202], [-122.19867, 37.82202], [-122.19866, 37.82202], [-122.19865, 37.82203], [-122.19864, 37.82203], [-122.19863, 37.82203], [-122.19862, 37.82204], [-122.19836, 37.82211], [-122.19843, 37.82231], [-122.19844, 37.8223], [-122.19845, 37.82229], [-122.19846, 37.82229], [-122.19847, 37.82228], [-122.19848, 37.82228], [-122.19849, 37.82227], [-122.1985, 37.82227], [-122.19851, 37.82226], [-122.19852, 37.82226], [-122.19853, 37.82226], [-122.19854, 37.82225], [-122.19855, 37.82225], [-122.19898, 37.82209], [-122.199, 37.82209], [-122.199, 37.82209], [-122.19901, 37.82208], [-122.19902, 37.82208], [-122.19903, 37.82208], [-122.19904, 37.82207], [-122.19905, 37.82207], [-122.19906, 37.82207], [-122.19907, 37.82207], [-122.19907, 37.82207], [-122.19882, 37.82193]]]}, "properties": {"APN": "048D 7253 035 00", "ST_NO": "5750", "STNAME": "Chelton Dr", "OWNER": "City of Oakland", "AGENCY": "LEA", "DEPT": "OPR", "USE": "Sulfur Springs Park", "COUNCIL_DISTRICT": "CCD4", "CITY": "Oakland", "ZIPCODE": 94611, "LOT_SIZE": "12560          ", "BLD_SIZE": null}}, {"type": "Feature", "geometry": {"type": "Polygon", "coordinates": [[[-122.2003, 37.82604], [-122.20045, 37.82598], [-122.20062, 37.82645], [-122.20093, 37.82638], [-122.20093, 37.82638], [-122.20093, 37.82638], [-122.20093, 37.82637], [-122.20093, 37.82637], [-122.20092, 37.82636], [-122.20092, 37.82636], [-122.20092, 37.82635], [-122.20092, 37.82635], [-122.20092, 37.82634], [-122.20091, 37.82634], [-122.20091, 37.82633], [-122.20091, 37.82633], [-122.20091, 37.82632], [-122.20091, 37.82632], [-122.20091, 37.82631], [-122.20091, 37.82631], [-122.2009, 37.8263], [-122.2009, 37.8263], [-122.2009, 37.82629], [-122.2009, 37.82629], [-122.2009, 37.82628], [-122.2009, 37.82628], [-122.2009, 37.82627], [-122.2009, 37.82627], [-122.2009, 37.82626], [-122.2009, 37.82626], [-122.2009, 37.82625], [-122.2009, 37.82625], [-122.2009, 37.82624], [-122.2009, 37.82624], [-122.2009, 37.82623], [-122.2009, 37.82623], [-122.2009, 37.82622], [-122.2009, 37.82621], [-122.20091, 37.82621], [-122.20091, 37.8262], [-122.20091, 37.8262], [-122.20091, 37.82619], [-122.20091, 37.82619], [-122.20091, 37.82618], [-122.20091, 37.82618], [-122.20092, 37.82617], [-122.20092, 37.82617], [-122.20092, 37.82616], [-122.20092, 37.82616], [-122.20092, 37.82615], [-122.20093, 37.82615], [-122.20093, 37.82615], [-122.20093, 37.82614], [-122.20093, 37.82614], [-122.20094, 37.82613], [-122.20094, 37.82613], [-122.20094, 37.82612], [-122.20095, 37.82612], [-122.20095, 37.82611], [-122.20095, 37.82611], [-122.20096, 37.8261], [-122.20096, 37.8261], [-122.20096, 37.82609], [-122.20097, 37.82609], [-122.20097, 37.82609], [-122.20097, 37.82608], [-122.20098, 37.82608], [-122.20098, 37.82607], [-122.20099, 37.82607], [-122.20099, 37.82607], [-122.201, 37.82606], [-122.201, 37.82606], [-122.201, 37.82605], [-122.20101, 37.82605], [-122.20101, 37.82605], [-122.20102, 37.82604], [-122.20102, 37.82604], [-122.20103, 37.82604], [-122.20103, 37.82603], [-122.20104, 37.82603], [-122.20104, 37.82603], [-122.20104, 37.82603], [-122.20105, 37.82602], [-122.20105, 37.82602], [-122.20105, 37.82602], [-122.20105, 37.82602], [-122.20105, 37.82602], [-122.20106, 37.82602], [-122.20106, 37.82602], [-122.20106, 37.82601], [-122.20106, 37.82601], [-122.20106, 37.82601], [-122.20106, 37.82601], [-122.20107, 37.82601], [-122.20107, 37.82601], [-122.20107, 37.826], [-122.20107, 37.826], [-122.20107, 37.826], [-122.20107, 37.826], [-122.20108, 37.826], [-122.20108, 37.826], [-122.20108, 37.82599], [-122.20108, 37.82599], [-122.20108, 37.82599], [-122.20108, 37.82599], [-122.20108, 37.82599], [-122.20108, 37.82599], [-122.20108, 37.82598], [-122.20109, 37.82598], [-122.20109, 37.82598], [-122.20109, 37.82598], [-122.20109, 37.82598], [-122.20109, 37.82597], [-122.20109, 37.82597], [-122.20109, 37.82597], [-122.20109, 37.82597], [-122.20109, 37.82597], [-122.20109, 37.82596], [-122.20109, 37.82596], [-122.20109, 37.82596], [-122.2011, 37.82596], [-122.2011, 37.82596], [-122.2011, 37.82595], [-122.2011, 37.82595], [-122.2011, 37.82595], [-122.2011, 37.82595], [-122.2011, 37.82595], [-122.2011, 37.82594], [-122.2011, 37.82594], [-122.2011, 37.82594], [-122.2011, 37.82594], [-122.2011, 37.82594], [-122.2011, 37.82593], [-122.2011, 37.82593], [-122.2011, 37.82593], [-122.2011, 37.82593], [-122.2011, 37.82593], [-122.2011, 37.82592], [-122.2011, 37.82592], [-122.2011, 37.82592], [-122.2011, 37.82592], [-122.2011, 37.82592], [-122.2011, 37.82591], [-122.2011, 37.82591], [-122.20109, 37.82591], [-122.20109, 37.82591], [-122.20109, 37.82591], [-122.20109, 37.8259], [-122.20109, 37.8259], [-122.20109, 37.8259], [-122.20109, 37.8259], [-122.20109, 37.8259], [-122.20109, 37.82589], [-122.20109, 37.82589], [-122.20109, 37.82589], [-122.20109, 37.82589], [-122.20109, 37.82589], [-122.20108, 37.82589], [-122.20108, 37.82588], [-122.20108, 37.82588], [-122.20108, 37.82588], [-122.20108, 37.82588], [-122.20108, 37.82588], [-122.20108, 37.82587], [-122.20108, 37.82587], [-122.20107, 37.82587], [-122.20107, 37.82587], [-122.20107, 37.82587], [-122.20107, 37.82587], [-122.20107, 37.82586], [-122.20107, 37.82586], [-122.20106, 37.82586], [-122.20106, 37.82586], [-122.20106, 37.82586], [-122.20106, 37.82586], [-122.20106, 37.82586], [-122.20106, 37.82585], [-122.20105, 37.82585], [-122.20105, 37.82585], [-122.20105, 37.82585], [-122.20105, 37.82585], [-122.20105, 37.82585], [-122.201, 37.82582], [-122.20098, 37.8258], [-122.20095, 37.82577], [-122.20093, 37.82575], [-122.2009, 37.82573], [-122.20088, 37.82571], [-122.20085, 37.82569], [-122.20083, 37.82567], [-122.20081, 37.82564], [-122.20079, 37.82562], [-122.20076, 37.8256], [-122.20076, 37.82559], [-122.20075, 37.82559], [-122.20075, 37.82558], [-122.20075, 37.82558], [-122.20074, 37.82557], [-122.20074, 37.82557], [-122.20073, 37.82557], [-122.20073, 37.82556], [-122.20072, 37.82556], [-122.20072, 37.82555], [-122.20071, 37.82555], [-122.2007, 37.82555], [-122.2007, 37.82554], [-122.20069, 37.82554], [-122.20069, 37.82553], [-122.20068, 37.82553], [-122.20068, 37.82553], [-122.20067, 37.82552], [-122.20066, 37.82552], [-122.20066, 37.82552], [-122.20065, 37.82551], [-122.20064, 37.82551], [-122.20064, 37.82551], [-122.20063, 37.8255], [-122.20063, 37.8255], [-122.20062, 37.8255], [-122.20061, 37.82549], [-122.20061, 37.82549], [-122.2006, 37.82549], [-122.20059, 37.82549], [-122.20059, 37.82548], [-122.20058, 37.82548], [-122.20057, 37.82548], [-122.20056, 37.82548], [-122.20056, 37.82548], [-122.20055, 37.82547], [-122.20054, 37.82547], [-122.20054, 37.82547], [-122.20053, 37.82547], [-122.20052, 37.82547], [-122.20051, 37.82547], [-122.20051, 37.82546], [-122.2005, 37.82546], [-122.20049, 37.82546], [-122.20049, 37.82546], [-122.20048, 37.82546], [-122.20047, 37.82546], [-122.20046, 37.82546], [-122.20046, 37.82546], [-122.20045, 37.82546], [-122.20044, 37.82546], [-122.20043, 37.82546], [-122.20043, 37.82546], [-122.20042, 37.82546], [-122.20041, 37.82546], [-122.2004, 37.82546], [-122.2004, 37.82546], [-122.20039, 37.82546], [-122.20038, 37.82546], [-122.20037, 37.82546], [-122.20037, 37.82546], [-122.20036, 37.82546], [-122.20035, 37.82546], [-122.20034, 37.82546], [-122.20034, 37.82546], [-122.20033, 37.82546], [-122.20032, 37.82546], [-122.20032, 37.82547], [-122.20031, 37.82547], [-122.2003, 37.82547], [-122.20029, 37.82547], [-122.20029, 37.82547], [-122.20028, 37.82547], [-122.20027, 37.82548], [-122.20027, 37.82548], [-122.20026, 37.82548], [-122.20025, 37.82548], [-122.20024, 37.82549], [-122.20024, 37.82549], [-122.20023, 37.82549], [-122.20022, 37.82549], [-122.20022, 37.8255], [-122.20021, 37.8255], [-122.2002, 37.8255], [-122.2002, 37.8255], [-122.20019, 37.82551], [-122.20019, 37.82551], [-122.20018, 37.82551], [-122.20017, 37.82552], [-122.20017, 37.82552], [-122.20016, 37.82552], [-122.20015, 37.82553], [-122.20015, 37.82553], [-122.20014, 37.82553], [-122.20014, 37.82554], [-122.20013, 37.82554], [-122.20013, 37.82555], [-122.20012, 37.82555], [-122.20012, 37.82555], [-122.20011, 37.82556], [-122.20011, 37.82556], [-122.2001, 37.82557], [-122.2001, 37.82557], [-122.20024, 37.8259], [-122.20024, 37.82592], [-122.2003, 37.82604]]]}, "properties": {"APN": "048D 7283 033 04", "ST_NO": null, "STNAME": "Escher Dr", "OWNER": "City of Oakland", "AGENCY": "LEA", "DEPT": "OPR", "USE": "Shepherd Canyon Park", "COUNCIL_DISTRICT": "CCD4", "CITY": "Oakland", "ZIPCODE": 94611, "LOT_SIZE": "48525          ", "BLD_SIZE": null}}, {"type": "Feature", "geometry": {"type": "Polygon", "coordinates": [[[-122.19548, 37.82275], [-122.19551, 37.82275], [-122.19555, 37.82275], [-122.19558, 37.82275], [-122.1956, 37.82275], [-122.19563, 37.82234], [-122.19544, 37.8223], [-122.19544, 37.82275], [-122.19548, 37.82275]]]}, "properties": {"APN": "048D 7253 049 00", "ST_NO": null, "STNAME": "Beaconsfield Pl", "OWNER": "City of Oakland", "AGENCY": "LEA", "DEPT": "OPR", "USE": "Beaconsfield Common", "COUNCIL_DISTRICT": "CCD4", "CITY": "Oakland", "ZIPCODE": 94611, "LOT_SIZE": "7672           ", "BLD_SIZE": null}}, {"type": "Feature", "geometry": {"type": "Polygon", "coordinates": [[[-122.20301, 37.82318], [-122.20293, 37.82345], [-122.20293, 37.82346], [-122.20292, 37.82347], [-122.20292, 37.82348], [-122.20292, 37.82349], [-122.20291, 37.82349], [-122.20291, 37.8235], [-122.20291, 37.82351], [-122.2029, 37.82352], [-122.2029, 37.82352], [-122.2029, 37.82353], [-122.20289, 37.82354], [-122.20289, 37.82355], [-122.20288, 37.82355], [-122.20288, 37.82356], [-122.20287, 37.82357], [-122.20287, 37.82358], [-122.20286, 37.82358], [-122.20286, 37.82359], [-122.20285, 37.8236], [-122.20285, 37.8236], [-122.20284, 37.82361], [-122.20283, 37.82362], [-122.20283, 37.82362], [-122.20282, 37.82363], [-122.20282, 37.82364], [-122.20281, 37.82364], [-122.20225, 37.82416], [-122.20224, 37.82416], [-122.20223, 37.82417], [-122.20222, 37.82418], [-122.20221, 37.82419], [-122.2022, 37.8242], [-122.2022, 37.82421], [-122.20219, 37.82422], [-122.20218, 37.82423], [-122.20217, 37.82424], [-122.20216, 37.82425], [-122.20216, 37.82426], [-122.20215, 37.82427], [-122.20214, 37.82428], [-122.20213, 37.82429], [-122.20213, 37.8243], [-122.20212, 37.82431], [-122.20212, 37.82432], [-122.20211, 37.82433], [-122.2021, 37.82434], [-122.2021, 37.82436], [-122.20209, 37.82437], [-122.20209, 37.82438], [-122.20208, 37.82439], [-122.20208, 37.8244], [-122.20208, 37.82441], [-122.20207, 37.82442], [-122.20207, 37.82443], [-122.20206, 37.82445], [-122.20206, 37.82446], [-122.20206, 37.82447], [-122.20206, 37.82448], [-122.20205, 37.82449], [-122.20205, 37.8245], [-122.20205, 37.82451], [-122.20205, 37.82453], [-122.20205, 37.82454], [-122.20204, 37.82455], [-122.20204, 37.82456], [-122.20204, 37.82457], [-122.20204, 37.82458], [-122.20204, 37.8246], [-122.20204, 37.82461], [-122.20204, 37.82462], [-122.20204, 37.82463], [-122.20204, 37.82464], [-122.20205, 37.82465], [-122.20205, 37.82468], [-122.20205, 37.82469], [-122.20205, 37.82471], [-122.20206, 37.82472], [-122.20206, 37.82474], [-122.20207, 37.82476], [-122.20207, 37.82477], [-122.20208, 37.82479], [-122.20208, 37.82481], [-122.20209, 37.82482], [-122.20209, 37.82484], [-122.2021, 37.82486], [-122.2021, 37.82487], [-122.20211, 37.82489], [-122.20212, 37.8249], [-122.20213, 37.82492], [-122.20213, 37.82493], [-122.20214, 37.82495], [-122.20215, 37.82496], [-122.20216, 37.82498], [-122.20217, 37.82499], [-122.20218, 37.82501], [-122.20219, 37.82502], [-122.20221, 37.82505], [-122.20222, 37.82507], [-122.20223, 37.82509], [-122.20224, 37.8251], [-122.20225, 37.82512], [-122.20226, 37.82513], [-122.20226, 37.82515], [-122.20227, 37.82517], [-122.20228, 37.82518], [-122.20228, 37.8252], [-122.20229, 37.82521], [-122.2023, 37.82523], [-122.2023, 37.82525], [-122.20231, 37.82526], [-122.20231, 37.82528], [-122.20232, 37.8253], [-122.20232, 37.82531], [-122.20233, 37.82533], [-122.20233, 37.82535], [-122.20244, 37.82579], [-122.20245, 37.82582], [-122.20245, 37.82584], [-122.20245, 37.82586], [-122.20246, 37.82588], [-122.20246, 37.8259], [-122.20246, 37.82592], [-122.20247, 37.82594], [-122.20247, 37.82596], [-122.20247, 37.82598], [-122.20247, 37.826], [-122.20247, 37.82602], [-122.20247, 37.82604], [-122.20247, 37.82606], [-122.20247, 37.82608], [-122.20247, 37.8261], [-122.20246, 37.82612], [-122.20246, 37.82614], [-122.20246, 37.82616], [-122.20246, 37.82619], [-122.20245, 37.82621], [-122.20245, 37.82623], [-122.20244, 37.82625], [-122.20244, 37.82625], [-122.20244, 37.82625], [-122.20244, 37.82625], [-122.20244, 37.82625], [-122.20244, 37.82625], [-122.20244, 37.82626], [-122.20244, 37.82626], [-122.20245, 37.82626], [-122.20245, 37.82626], [-122.20245, 37.82626], [-122.20245, 37.82626], [-122.20245, 37.82626], [-122.20245, 37.82626], [-122.20245, 37.82626], [-122.20245, 37.82626], [-122.20246, 37.82626], [-122.20246, 37.82626], [-122.20246, 37.82626], [-122.20246, 37.82626], [-122.20246, 37.82626], [-122.20246, 37.82626], [-122.20247, 37.82626], [-122.20247, 37.82626], [-122.20247, 37.82626], [-122.20247, 37.82626], [-122.20247, 37.82626], [-122.20247, 37.82626], [-122.20247, 37.82626], [-122.20248, 37.82626], [-122.20248, 37.82626], [-122.20248, 37.82626], [-122.20248, 37.82626], [-122.20248, 37.82625], [-122.20248, 37.82625], [-122.2026, 37.82586], [-122.20246, 37.82531], [-122.20245, 37.82513], [-122.2022, 37.82474], [-122.20262, 37.82413], [-122.20293, 37.82387], [-122.203, 37.82373], [-122.20316, 37.8234], [-122.20335, 37.82334], [-122.20333, 37.82316], [-122.20333, 37.82313], [-122.2031, 37.82314], [-122.20301, 37.82318]]]}, "properties": {"APN": "048D 7244 028 00", "ST_NO": null, "STNAME": "Park Bl", "OWNER": "City of Oakland", "AGENCY": "LEA", "DEPT": "OPR", "USE": "Shepherd Canyon Park", "COUNCIL_DISTRICT": "CCD4", "CITY": "Oakland", "ZIPCODE": 94611, "LOT_SIZE": "78408          ", "BLD_SIZE": null}}, {"type": "Feature", "geometry": {"type": "Polygon", "coordinates": [[[-122.2007, 37.82538], [-122.20071, 37.82538], [-122.20072, 37.82538], [-122.20072, 37.82539], [-122.20073, 37.82539], [-122.20074, 37.8254], [-122.20075, 37.8254], [-122.20076, 37.8254], [-122.20077, 37.82541], [-122.20078, 37.82541], [-122.20079, 37.82542], [-122.20079, 37.82542], [-122.2008, 37.82543], [-122.20081, 37.82544], [-122.20082, 37.82544], [-122.20083, 37.82545], [-122.20083, 37.82545], [-122.20084, 37.82546], [-122.20122, 37.82511], [-122.20092, 37.82505], [-122.2007, 37.82538]]]}, "properties": {"APN": "048D 7249 005 00", "ST_NO": null, "STNAME": "Escher Dr", "OWNER": "City of Oakland", "AGENCY": "LEA", "DEPT": "OPR", "USE": "Shepherd Canyon Park", "COUNCIL_DISTRICT": "CCD4", "CITY": "Oakland", "ZIPCODE": 94611, "LOT_SIZE": "9858           ", "BLD_SIZE": null}}, {"type": "Feature", "geometry": {"type": "Polygon", "coordinates": [[[-122.19562, 37.82289], [-122.1956, 37.82288], [-122.19557, 37.82288], [-122.19551, 37.82288], [-122.1955, 37.82288], [-122.19548, 37.82289], [-122.19547, 37.82289], [-122.19545, 37.82289], [-122.19544, 37.82289], [-122.19541, 37.8229], [-122.19544, 37.82324], [-122.19555, 37.82322], [-122.19561, 37.82322], [-122.19562, 37.82289]]]}, "properties": {"APN": "048D 7280 029 00", "ST_NO": "2678", "STNAME": "Beaconsfield Pl", "OWNER": "City of Oakland", "AGENCY": "LEA", "DEPT": "OPR", "USE": "Beaconsfield Common", "COUNCIL_DISTRICT": "CCD4", "CITY": "Oakland", "ZIPCODE": 94611, "LOT_SIZE": "6698           ", "BLD_SIZE": null}}, {"type": "Feature", "geometry": {"type": "Polygon", "coordinates": [[[-122.21288, 37.83001], [-122.21293, 37.83006], [-122.2135, 37.82984], [-122.21205, 37.82825], [-122.21183, 37.82801], [-122.21169, 37.82785], [-122.21156, 37.82768], [-122.21107, 37.82801], [-122.2107, 37.82826], [-122.21082, 37.82865], [-122.21086, 37.82868], [-122.21105, 37.82927], [-122.21128, 37.82943], [-122.2116, 37.8291], [-122.21288, 37.83001]]]}, "properties": {"APN": "048F 7361 009 04", "ST_NO": "6226", "STNAME": "Moraga Av", "OWNER": "City of Oakland", "AGENCY": "LEA", "DEPT": "OPR", "USE": "Montclair Park & Former F", "COUNCIL_DISTRICT": "CCD4", "CITY": "Oakland", "ZIPCODE": 94611, "LOT_SIZE": "377982.88      ", "BLD_SIZE": null}}, {"type": "Feature", "geometry": {"type": "Polygon", "coordinates": [[[-122.20107, 37.82567], [-122.20107, 37.82567], [-122.2011, 37.82569], [-122.20112, 37.82572], [-122.20117, 37.82575], [-122.20118, 37.82576], [-122.20118, 37.82576], [-122.20118, 37.82576], [-122.20119, 37.82576], [-122.20119, 37.82577], [-122.2012, 37.82577], [-122.2012, 37.82577], [-122.2012, 37.82578], [-122.20121, 37.82578], [-122.20121, 37.82579], [-122.20121, 37.82579], [-122.20122, 37.82579], [-122.20122, 37.8258], [-122.20122, 37.8258], [-122.20122, 37.8258], [-122.20123, 37.82581], [-122.20123, 37.82581], [-122.20123, 37.82582], [-122.20124, 37.82582], [-122.20124, 37.82582], [-122.20124, 37.82583], [-122.20124, 37.82583], [-122.20125, 37.82583], [-122.20125, 37.82584], [-122.20125, 37.82584], [-122.20125, 37.82585], [-122.20125, 37.82585], [-122.20126, 37.82586], [-122.20126, 37.82586], [-122.20126, 37.82586], [-122.20126, 37.82587], [-122.20126, 37.82587], [-122.20126, 37.82588], [-122.20126, 37.82588], [-122.20127, 37.82589], [-122.20127, 37.82589], [-122.20127, 37.82589], [-122.20127, 37.8259], [-122.20127, 37.8259], [-122.20127, 37.82591], [-122.20127, 37.82591], [-122.20127, 37.82592], [-122.20127, 37.82592], [-122.20127, 37.82593], [-122.20127, 37.82593], [-122.20127, 37.82593], [-122.20127, 37.82594], [-122.20127, 37.82594], [-122.20127, 37.82595], [-122.20127, 37.82595], [-122.20127, 37.82596], [-122.20127, 37.82596], [-122.20127, 37.82596], [-122.20127, 37.82597], [-122.20127, 37.82597], [-122.20127, 37.82598], [-122.20127, 37.82598], [-122.20126, 37.82599], [-122.20126, 37.82599], [-122.20126, 37.826], [-122.20126, 37.826], [-122.20126, 37.826], [-122.20126, 37.82601], [-122.20126, 37.82601], [-122.20125, 37.82602], [-122.20125, 37.82602], [-122.20125, 37.82602], [-122.20125, 37.82603], [-122.20125, 37.82603], [-122.20124, 37.82604], [-122.20124, 37.82604], [-122.20124, 37.82605], [-122.20124, 37.82605], [-122.20123, 37.82605], [-122.20123, 37.82606], [-122.20123, 37.82606], [-122.20123, 37.82606], [-122.20122, 37.82607], [-122.20122, 37.82607], [-122.20122, 37.82608], [-122.20121, 37.82608], [-122.20121, 37.82608], [-122.20121, 37.82609], [-122.2012, 37.82609], [-122.2012, 37.82609], [-122.2012, 37.8261], [-122.20119, 37.8261], [-122.20119, 37.8261], [-122.20119, 37.82611], [-122.20118, 37.82611], [-122.20118, 37.82611], [-122.20117, 37.82612], [-122.20117, 37.82612], [-122.20117, 37.82612], [-122.20116, 37.82613], [-122.20116, 37.82613], [-122.20115, 37.82613], [-122.20115, 37.82613], [-122.20115, 37.82614], [-122.20114, 37.82614], [-122.20114, 37.82614], [-122.20114, 37.82614], [-122.20113, 37.82614], [-122.20113, 37.82615], [-122.20113, 37.82615], [-122.20113, 37.82615], [-122.20112, 37.82615], [-122.20112, 37.82615], [-122.20112, 37.82616], [-122.20112, 37.82616], [-122.20111, 37.82616], [-122.20111, 37.82616], [-122.20111, 37.82616], [-122.20111, 37.82616], [-122.2011, 37.82617], [-122.2011, 37.82617], [-122.2011, 37.82617], [-122.2011, 37.82617], [-122.2011, 37.82618], [-122.2011, 37.82618], [-122.20109, 37.82618], [-122.20109, 37.82618], [-122.20109, 37.82618], [-122.20109, 37.82619], [-122.20109, 37.82619], [-122.20108, 37.82619], [-122.20108, 37.82619], [-122.20108, 37.8262], [-122.20108, 37.8262], [-122.20108, 37.8262], [-122.20108, 37.8262], [-122.20108, 37.82621], [-122.20108, 37.82621], [-122.20107, 37.82621], [-122.20107, 37.82621], [-122.20107, 37.82622], [-122.20107, 37.82622], [-122.20107, 37.82622], [-122.20107, 37.82622], [-122.20107, 37.82623], [-122.20107, 37.82623], [-122.20107, 37.82623], [-122.20107, 37.82623], [-122.20107, 37.82624], [-122.20107, 37.82624], [-122.20106, 37.82624], [-122.20106, 37.82624], [-122.20106, 37.82625], [-122.20106, 37.82625], [-122.20106, 37.82625], [-122.20106, 37.82625], [-122.20106, 37.82626], [-122.20106, 37.82626], [-122.20106, 37.82626], [-122.20106, 37.82626], [-122.20106, 37.82627], [-122.20106, 37.82627], [-122.20106, 37.82627], [-122.20106, 37.82628], [-122.20106, 37.82628], [-122.20106, 37.82628], [-122.20107, 37.82628], [-122.20107, 37.82629], [-122.20107, 37.82629], [-122.20107, 37.82629], [-122.20107, 37.82629], [-122.20107, 37.8263], [-122.20107, 37.8263], [-122.20107, 37.8263], [-122.20107, 37.8263], [-122.20107, 37.82631], [-122.20107, 37.82631], [-122.20107, 37.82631], [-122.20107, 37.82631], [-122.20108, 37.82632], [-122.20108, 37.82632], [-122.20108, 37.82632], [-122.20108, 37.82632], [-122.20108, 37.82633], [-122.20108, 37.82633], [-122.20108, 37.82633], [-122.20109, 37.82633], [-122.20109, 37.82634], [-122.20109, 37.82634], [-122.20109, 37.82634], [-122.20109, 37.82634], [-122.20109, 37.82634], [-122.2011, 37.82635], [-122.2011, 37.82635], [-122.2011, 37.82635], [-122.2011, 37.82635], [-122.2011, 37.82635], [-122.20111, 37.82636], [-122.20111, 37.82636], [-122.20111, 37.82636], [-122.20111, 37.82636], [-122.20111, 37.82636], [-122.20112, 37.82637], [-122.20112, 37.82637], [-122.20112, 37.82637], [-122.20112, 37.82637], [-122.20113, 37.82637], [-122.20113, 37.82638], [-122.20113, 37.82638], [-122.20113, 37.82638], [-122.20114, 37.82638], [-122.20114, 37.82638], [-122.20114, 37.82638], [-122.20115, 37.82639], [-122.20115, 37.82639], [-122.20115, 37.82639], [-122.20115, 37.82639], [-122.20116, 37.82639], [-122.20116, 37.82639], [-122.20116, 37.82639], [-122.20116, 37.8264], [-122.20117, 37.8264], [-122.20117, 37.8264], [-122.20119, 37.8264], [-122.2012, 37.82641], [-122.20121, 37.82641], [-122.20122, 37.82642], [-122.20123, 37.82642], [-122.20123, 37.82643], [-122.20124, 37.82643], [-122.20125, 37.82643], [-122.20126, 37.82644], [-122.20127, 37.82644], [-122.20128, 37.82645], [-122.20128, 37.82645], [-122.20129, 37.82646], [-122.2013, 37.82646], [-122.20131, 37.82647], [-122.20132, 37.82648], [-122.20132, 37.82648], [-122.20133, 37.82649], [-122.20134, 37.82649], [-122.20135, 37.8265], [-122.20135, 37.8265], [-122.20136, 37.82651], [-122.20137, 37.82652], [-122.20137, 37.82652], [-122.20138, 37.82653], [-122.20139, 37.82654], [-122.20177, 37.82647], [-122.20219, 37.82646], [-122.20219, 37.82644], [-122.20219, 37.82643], [-122.2022, 37.82641], [-122.2022, 37.8264], [-122.2022, 37.82638], [-122.2022, 37.82637], [-122.2022, 37.82635], [-122.20221, 37.82634], [-122.20221, 37.82632], [-122.20221, 37.82631], [-122.20222, 37.82629], [-122.20222, 37.82628], [-122.20222, 37.82626], [-122.20223, 37.82625], [-122.20223, 37.82623], [-122.20224, 37.82621], [-122.20224, 37.8262], [-122.20225, 37.82618], [-122.20225, 37.82616], [-122.20225, 37.82614], [-122.20225, 37.82613], [-122.20226, 37.82611], [-122.20226, 37.82609], [-122.20226, 37.82607], [-122.20226, 37.82606], [-122.20226, 37.82604], [-122.20226, 37.82602], [-122.20226, 37.826], [-122.20226, 37.82599], [-122.20226, 37.82597], [-122.20226, 37.82595], [-122.20226, 37.82593], [-122.20225, 37.82591], [-122.20225, 37.8259], [-122.20225, 37.82588], [-122.20225, 37.82586], [-122.20224, 37.82584], [-122.20224, 37.82583], [-122.20212, 37.82537], [-122.20212, 37.82536], [-122.20212, 37.82534], [-122.20211, 37.82533], [-122.20211, 37.82531], [-122.20211, 37.8253], [-122.2021, 37.82529], [-122.2021, 37.82527], [-122.20209, 37.82526], [-122.20209, 37.82524], [-122.20208, 37.82523], [-122.20207, 37.82522], [-122.20207, 37.8252], [-122.20206, 37.82519], [-122.20205, 37.82518], [-122.20205, 37.82516], [-122.20204, 37.82515], [-122.20203, 37.82513], [-122.20201, 37.82511], [-122.202, 37.82509], [-122.20199, 37.82507], [-122.20197, 37.82505], [-122.20196, 37.82503], [-122.20195, 37.82502], [-122.20194, 37.825], [-122.20193, 37.82498], [-122.20193, 37.82496], [-122.20192, 37.82494], [-122.20191, 37.82493], [-122.2019, 37.82491], [-122.20189, 37.82489], [-122.20189, 37.82487], [-122.20188, 37.82485], [-122.20187, 37.82483], [-122.20187, 37.82481], [-122.20186, 37.82479], [-122.20186, 37.82477], [-122.20185, 37.82475], [-122.20185, 37.82474], [-122.20185, 37.82472], [-122.20184, 37.8247], [-122.20184, 37.82469], [-122.20184, 37.82469], [-122.20184, 37.82469], [-122.20184, 37.82469], [-122.20184, 37.82469], [-122.20184, 37.82468], [-122.20184, 37.82468], [-122.20184, 37.82468], [-122.20184, 37.82468], [-122.20184, 37.82467], [-122.20184, 37.82467], [-122.20184, 37.82467], [-122.20183, 37.82467], [-122.20183, 37.82467], [-122.20183, 37.82466], [-122.20183, 37.82466], [-122.20183, 37.82466], [-122.20183, 37.82466], [-122.20183, 37.82466], [-122.20183, 37.82465], [-122.20183, 37.82465], [-122.20182, 37.82465], [-122.20182, 37.82465], [-122.20182, 37.82465], [-122.20182, 37.82464], [-122.20182, 37.82464], [-122.20182, 37.82464], [-122.20182, 37.82464], [-122.20181, 37.82464], [-122.20181, 37.82464], [-122.20181, 37.82463], [-122.20181, 37.82463], [-122.20181, 37.82463], [-122.2018, 37.82463], [-122.2018, 37.82463], [-122.2018, 37.82463], [-122.2018, 37.82462], [-122.2018, 37.82462], [-122.2018, 37.82462], [-122.20179, 37.82462], [-122.20179, 37.82462], [-122.20179, 37.82462], [-122.20179, 37.82462], [-122.20178, 37.82461], [-122.20178, 37.82461], [-122.20178, 37.82461], [-122.20178, 37.82461], [-122.20178, 37.82461], [-122.20177, 37.82461], [-122.20177, 37.82461], [-122.20177, 37.8246], [-122.20177, 37.8246], [-122.20176, 37.8246], [-122.20176, 37.8246], [-122.20176, 37.8246], [-122.20176, 37.8246], [-122.20175, 37.8246], [-122.20175, 37.8246], [-122.20175, 37.8246], [-122.20175, 37.8246], [-122.20174, 37.82459], [-122.20174, 37.82459], [-122.20174, 37.82459], [-122.20174, 37.82459], [-122.20173, 37.82459], [-122.20173, 37.82459], [-122.20173, 37.82459], [-122.20173, 37.82459], [-122.20172, 37.82459], [-122.20172, 37.82459], [-122.20172, 37.82459], [-122.20172, 37.82459], [-122.20171, 37.82459], [-122.20171, 37.82459], [-122.20171, 37.82459], [-122.2017, 37.82459], [-122.2017, 37.82459], [-122.2017, 37.82459], [-122.2017, 37.82459], [-122.20169, 37.82459], [-122.20169, 37.82459], [-122.20169, 37.82459], [-122.20169, 37.82459], [-122.20168, 37.82459], [-122.20168, 37.82459], [-122.20168, 37.82459], [-122.20167, 37.82459], [-122.20167, 37.82459], [-122.20167, 37.82459], [-122.20167, 37.82459], [-122.20166, 37.82459], [-122.20166, 37.82459], [-122.20166, 37.82459], [-122.20165, 37.82459], [-122.20165, 37.82459], [-122.20165, 37.82459], [-122.20165, 37.82459], [-122.20164, 37.82459], [-122.20164, 37.82459], [-122.20164, 37.82459], [-122.20164, 37.82459], [-122.20163, 37.82459], [-122.20159, 37.8246], [-122.20157, 37.82461], [-122.20154, 37.82461], [-122.20152, 37.82462], [-122.20149, 37.82463], [-122.20147, 37.82463], [-122.20144, 37.82463], [-122.20142, 37.82464], [-122.20139, 37.82464], [-122.20137, 37.82465], [-122.20134, 37.82465], [-122.20131, 37.82465], [-122.20129, 37.82465], [-122.20126, 37.82466], [-122.20124, 37.82466], [-122.20121, 37.82466], [-122.20119, 37.82466], [-122.20116, 37.82466], [-122.20113, 37.82466], [-122.20111, 37.82466], [-122.20108, 37.82466], [-122.20105, 37.82466], [-122.20102, 37.82466], [-122.20099, 37.82466], [-122.20096, 37.82467], [-122.20093, 37.82467], [-122.20091, 37.82467], [-122.20088, 37.82467], [-122.20085, 37.82468], [-122.20082, 37.82468], [-122.20079, 37.82469], [-122.20076, 37.82469], [-122.20074, 37.8247], [-122.20071, 37.8247], [-122.20068, 37.82471], [-122.20065, 37.82471], [-122.20063, 37.82472], [-122.2006, 37.82473], [-122.20056, 37.82474], [-122.19908, 37.82517], [-122.19908, 37.82517], [-122.19886, 37.82523], [-122.19883, 37.82524], [-122.19881, 37.82525], [-122.19881, 37.82525], [-122.19881, 37.82525], [-122.19881, 37.82525], [-122.1988, 37.82525], [-122.1988, 37.82525], [-122.1988, 37.82525], [-122.1988, 37.82525], [-122.1988, 37.82525], [-122.1988, 37.82525], [-122.1988, 37.82525], [-122.19879, 37.82525], [-122.19879, 37.82525], [-122.19879, 37.82525], [-122.19879, 37.82525], [-122.19879, 37.82525], [-122.19879, 37.82526], [-122.19879, 37.82526], [-122.19879, 37.82526], [-122.19878, 37.82526], [-122.19878, 37.82526], [-122.19878, 37.82526], [-122.19878, 37.82526], [-122.19878, 37.82526], [-122.19878, 37.82526], [-122.19878, 37.82526], [-122.19878, 37.82526], [-122.19877, 37.82526], [-122.19877, 37.82526], [-122.19877, 37.82527], [-122.19877, 37.82527], [-122.19877, 37.82527], [-122.19877, 37.82527], [-122.19877, 37.82527], [-122.19877, 37.82527], [-122.19877, 37.82527], [-122.19877, 37.82527], [-122.19877, 37.82527], [-122.19876, 37.82527], [-122.19876, 37.82527], [-122.19876, 37.82528], [-122.19876, 37.82528], [-122.19876, 37.82528], [-122.19876, 37.82528], [-122.19876, 37.82528], [-122.19876, 37.82528], [-122.19876, 37.82528], [-122.19876, 37.82528], [-122.19876, 37.82528], [-122.19876, 37.82529], [-122.19876, 37.82529], [-122.19876, 37.82529], [-122.19875, 37.82529], [-122.19875, 37.82529], [-122.19875, 37.82529], [-122.19875, 37.82529], [-122.19875, 37.82529], [-122.19875, 37.82529], [-122.19875, 37.8253], [-122.19875, 37.8253], [-122.19875, 37.8253], [-122.19875, 37.8253], [-122.19875, 37.8253], [-122.19875, 37.8253], [-122.19875, 37.8253], [-122.19875, 37.8253], [-122.19875, 37.82531], [-122.19875, 37.82531], [-122.19875, 37.82531], [-122.19875, 37.82531], [-122.19875, 37.82531], [-122.19875, 37.82531], [-122.19875, 37.82531], [-122.19875, 37.82531], [-122.19875, 37.82531], [-122.19875, 37.82532], [-122.19875, 37.82532], [-122.19875, 37.82532], [-122.19875, 37.82532], [-122.19875, 37.82532], [-122.19875, 37.82532], [-122.19875, 37.82532], [-122.19875, 37.82532], [-122.19875, 37.82533], [-122.19875, 37.82533], [-122.19875, 37.82533], [-122.19875, 37.82533], [-122.19875, 37.82533], [-122.19875, 37.82533], [-122.19875, 37.82533], [-122.19875, 37.82533], [-122.19875, 37.82534], [-122.19875, 37.82534], [-122.19876, 37.82534], [-122.19876, 37.82534], [-122.19876, 37.82534], [-122.19876, 37.82534], [-122.19876, 37.82534], [-122.19876, 37.82534], [-122.19876, 37.82534], [-122.19876, 37.82535], [-122.19876, 37.82535], [-122.19876, 37.82535], [-122.19876, 37.82535], [-122.19876, 37.82535], [-122.19876, 37.82535], [-122.19876, 37.82535], [-122.19877, 37.82535], [-122.19877, 37.82535], [-122.19877, 37.82535], [-122.19877, 37.82536], [-122.19877, 37.82536], [-122.19877, 37.82536], [-122.19877, 37.82536], [-122.19877, 37.82536], [-122.19877, 37.82536], [-122.19877, 37.82536], [-122.19878, 37.82536], [-122.19878, 37.82536], [-122.19878, 37.82536], [-122.19878, 37.82536], [-122.19878, 37.82536], [-122.19878, 37.82537], [-122.19878, 37.82537], [-122.19878, 37.82537], [-122.19878, 37.82537], [-122.19879, 37.82537], [-122.19879, 37.82537], [-122.19879, 37.82537], [-122.19879, 37.82537], [-122.19879, 37.82537], [-122.19879, 37.82537], [-122.19879, 37.82537], [-122.19879, 37.82537], [-122.1988, 37.82537], [-122.1988, 37.82537], [-122.1988, 37.82537], [-122.1988, 37.82537], [-122.1988, 37.82538], [-122.1988, 37.82538], [-122.1988, 37.82538], [-122.19881, 37.82538], [-122.19881, 37.82538], [-122.19881, 37.82538], [-122.19881, 37.82538], [-122.19881, 37.82538], [-122.19881, 37.82538], [-122.19881, 37.82538], [-122.19882, 37.82538], [-122.19882, 37.82538], [-122.19882, 37.82538], [-122.19882, 37.82538], [-122.19882, 37.82538], [-122.19882, 37.82538], [-122.19882, 37.82538], [-122.19883, 37.82538], [-122.19883, 37.82538], [-122.19883, 37.82538], [-122.19883, 37.82538], [-122.19883, 37.82538], [-122.19883, 37.82538], [-122.19883, 37.82538], [-122.19884, 37.82538], [-122.19884, 37.82538], [-122.19884, 37.82538], [-122.19884, 37.82538], [-122.19884, 37.82538], [-122.19885, 37.82538], [-122.19885, 37.82538], [-122.19886, 37.82538], [-122.19886, 37.82538], [-122.19887, 37.82538], [-122.19887, 37.82538], [-122.19888, 37.82538], [-122.19888, 37.82538], [-122.19907, 37.82538], [-122.19908, 37.82538], [-122.19909, 37.82538], [-122.19909, 37.82538], [-122.1991, 37.82538], [-122.1991, 37.82538], [-122.19911, 37.82538], [-122.19912, 37.82538], [-122.19912, 37.82539], [-122.19913, 37.82539], [-122.19914, 37.82539], [-122.19914, 37.82539], [-122.19915, 37.82539], [-122.19915, 37.82539], [-122.19916, 37.82539], [-122.19917, 37.82539], [-122.19917, 37.82539], [-122.19918, 37.8254], [-122.19919, 37.8254], [-122.19919, 37.8254], [-122.1992, 37.8254], [-122.1992, 37.8254], [-122.19921, 37.82541], [-122.19921, 37.82541], [-122.19922, 37.82541], [-122.19923, 37.82541], [-122.19923, 37.82541], [-122.19924, 37.82542], [-122.19924, 37.82542], [-122.19925, 37.82542], [-122.19925, 37.82542], [-122.19926, 37.82543], [-122.19926, 37.82543], [-122.19927, 37.82543], [-122.19928, 37.82543], [-122.19928, 37.82544], [-122.19929, 37.82544], [-122.19929, 37.82544], [-122.1993, 37.82545], [-122.1993, 37.82545], [-122.19931, 37.82545], [-122.19931, 37.82546], [-122.19931, 37.82546], [-122.19932, 37.82546], [-122.19932, 37.82547], [-122.19933, 37.82547], [-122.19933, 37.82547], [-122.19934, 37.82548], [-122.19934, 37.82548], [-122.19935, 37.82549], [-122.19935, 37.82549], [-122.19935, 37.82549], [-122.19936, 37.8255], [-122.19936, 37.8255], [-122.19936, 37.82551], [-122.19937, 37.82551], [-122.19937, 37.82551], [-122.19937, 37.82552], [-122.19938, 37.82552], [-122.19938, 37.82553], [-122.19938, 37.82553], [-122.19939, 37.82554], [-122.19939, 37.82554], [-122.19939, 37.82554], [-122.1994, 37.82555], [-122.1994, 37.82555], [-122.19953, 37.8258], [-122.19953, 37.8258], [-122.19953, 37.8258], [-122.19954, 37.8258], [-122.19954, 37.8258], [-122.19954, 37.8258], [-122.19954, 37.8258], [-122.19954, 37.8258], [-122.19954, 37.8258], [-122.19954, 37.8258], [-122.19954, 37.82581], [-122.19954, 37.82581], [-122.19954, 37.82581], [-122.19954, 37.82581], [-122.19954, 37.82581], [-122.19955, 37.82581], [-122.19955, 37.82581], [-122.19955, 37.82581], [-122.19955, 37.82581], [-122.19955, 37.82581], [-122.19955, 37.82582], [-122.19955, 37.82582], [-122.19955, 37.82582], [-122.19955, 37.82582], [-122.19955, 37.82582], [-122.19956, 37.82582], [-122.19956, 37.82582], [-122.19956, 37.82582], [-122.19956, 37.82582], [-122.19956, 37.82582], [-122.19956, 37.82582], [-122.19956, 37.82582], [-122.19956, 37.82582], [-122.19957, 37.82583], [-122.19957, 37.82583], [-122.19957, 37.82583], [-122.19957, 37.82583], [-122.19957, 37.82583], [-122.19957, 37.82583], [-122.19957, 37.82583], [-122.19957, 37.82583], [-122.19958, 37.82583], [-122.19958, 37.82583], [-122.19958, 37.82583], [-122.19958, 37.82583], [-122.19958, 37.82583], [-122.19958, 37.82583], [-122.19958, 37.82583], [-122.19959, 37.82583], [-122.19959, 37.82583], [-122.19959, 37.82583], [-122.19959, 37.82583], [-122.19959, 37.82583], [-122.19959, 37.82583], [-122.19959, 37.82583], [-122.1996, 37.82583], [-122.1996, 37.82584], [-122.1996, 37.82584], [-122.1996, 37.82584], [-122.1996, 37.82584], [-122.1996, 37.82584], [-122.1996, 37.82584], [-122.19961, 37.82584], [-122.19961, 37.82584], [-122.19961, 37.82584], [-122.19961, 37.82584], [-122.19961, 37.82584], [-122.19961, 37.82584], [-122.19962, 37.82584], [-122.19962, 37.82584], [-122.19962, 37.82584], [-122.19962, 37.82584], [-122.19962, 37.82584], [-122.19962, 37.82584], [-122.19962, 37.82584], [-122.19963, 37.82584], [-122.19963, 37.82584], [-122.19963, 37.82584], [-122.19963, 37.82583], [-122.19963, 37.82583], [-122.19963, 37.82583], [-122.19963, 37.82583], [-122.19964, 37.82583], [-122.19964, 37.82583], [-122.19964, 37.82583], [-122.19964, 37.82583], [-122.19964, 37.82583], [-122.19964, 37.82583], [-122.19964, 37.82583], [-122.19965, 37.82583], [-122.19965, 37.82583], [-122.19965, 37.82583], [-122.19965, 37.82583], [-122.19965, 37.82583], [-122.19965, 37.82583], [-122.19965, 37.82583], [-122.19966, 37.82583], [-122.19966, 37.82583], [-122.19966, 37.82583], [-122.19966, 37.82583], [-122.19966, 37.82582], [-122.19966, 37.82582], [-122.19966, 37.82582], [-122.19966, 37.82582], [-122.19967, 37.82582], [-122.19967, 37.82582], [-122.19967, 37.82582], [-122.19967, 37.82582], [-122.19967, 37.82582], [-122.19967, 37.82582], [-122.19967, 37.82582], [-122.19967, 37.82582], [-122.19967, 37.82582], [-122.19968, 37.82581], [-122.19968, 37.82581], [-122.1997, 37.8258], [-122.19971, 37.82578], [-122.19973, 37.82576], [-122.19975, 37.82575], [-122.19976, 37.82573], [-122.19978, 37.82571], [-122.19979, 37.82569], [-122.19981, 37.82568], [-122.19982, 37.82566], [-122.19984, 37.82564], [-122.19985, 37.82562], [-122.19987, 37.8256], [-122.19988, 37.82557], [-122.19989, 37.82557], [-122.19989, 37.82556], [-122.1999, 37.82555], [-122.19991, 37.82554], [-122.19991, 37.82554], [-122.19992, 37.82553], [-122.19992, 37.82552], [-122.19993, 37.82552], [-122.19994, 37.82551], [-122.19994, 37.8255], [-122.19995, 37.8255], [-122.19995, 37.82549], [-122.19996, 37.82548], [-122.19997, 37.82548], [-122.19998, 37.82547], [-122.19998, 37.82547], [-122.19999, 37.82546], [-122.2, 37.82545], [-122.20001, 37.82545], [-122.20001, 37.82544], [-122.20002, 37.82544], [-122.20003, 37.82543], [-122.20004, 37.82543], [-122.20004, 37.82542], [-122.20005, 37.82542], [-122.20006, 37.82541], [-122.20007, 37.82541], [-122.20008, 37.8254], [-122.20009, 37.8254], [-122.2001, 37.82539], [-122.20011, 37.82539], [-122.20011, 37.82538], [-122.20012, 37.82538], [-122.20013, 37.82538], [-122.20014, 37.82537], [-122.20015, 37.82537], [-122.20016, 37.82536], [-122.20017, 37.82536], [-122.20018, 37.82536], [-122.20019, 37.82535], [-122.2002, 37.82535], [-122.20021, 37.82535], [-122.20022, 37.82535], [-122.20023, 37.82534], [-122.20024, 37.82534], [-122.20025, 37.82534], [-122.20026, 37.82534], [-122.20027, 37.82533], [-122.20028, 37.82533], [-122.20029, 37.82533], [-122.2003, 37.82533], [-122.20031, 37.82533], [-122.20032, 37.82533], [-122.20033, 37.82532], [-122.20034, 37.82532], [-122.20035, 37.82532], [-122.20036, 37.82532], [-122.20037, 37.82532], [-122.20038, 37.82532], [-122.20039, 37.82532], [-122.2004, 37.82532], [-122.20041, 37.82532], [-122.20043, 37.82532], [-122.20044, 37.82532], [-122.20045, 37.82532], [-122.20046, 37.82532], [-122.20047, 37.82532], [-122.20048, 37.82532], [-122.20049, 37.82532], [-122.2005, 37.82532], [-122.20051, 37.82532], [-122.20052, 37.82533], [-122.20053, 37.82533], [-122.20054, 37.82533], [-122.20061, 37.82507], [-122.20092, 37.82505], [-122.20122, 37.82511], [-122.20137, 37.82514], [-122.20143, 37.82523], [-122.20152, 37.82535], [-122.20107, 37.82567]]]}, "properties": {"APN": "048D 7249 012 00", "ST_NO": null, "STNAME": "Shepherd Canyon Rd", "OWNER": "City of Oakland", "AGENCY": "LEA", "DEPT": "OPR", "USE": "Shepherd Canyon Park", "COUNCIL_DISTRICT": "CCD4", "CITY": "Oakland", "ZIPCODE": 94611, "LOT_SIZE": "6.98           ", "BLD_SIZE": null}}, {"type": "Feature", "geometry": {"type": "Polygon", "coordinates": [[[-122.20636, 37.82619], [-122.20675, 37.8261], [-122.20677, 37.82612], [-122.20667, 37.82626], [-122.20667, 37.82627], [-122.20667, 37.82627], [-122.20667, 37.82627], [-122.20666, 37.82628], [-122.20666, 37.82628], [-122.20666, 37.82628], [-122.20666, 37.82629], [-122.20666, 37.82629], [-122.20665, 37.8263], [-122.20665, 37.8263], [-122.20665, 37.8263], [-122.20665, 37.82631], [-122.20665, 37.82631], [-122.20664, 37.82632], [-122.20664, 37.82632], [-122.20664, 37.82633], [-122.20664, 37.82633], [-122.20664, 37.82633], [-122.20664, 37.82634], [-122.20664, 37.82634], [-122.20664, 37.82635], [-122.20664, 37.82635], [-122.20664, 37.82636], [-122.20663, 37.82636], [-122.20663, 37.82636], [-122.20663, 37.82637], [-122.20663, 37.82637], [-122.20663, 37.82638], [-122.20669, 37.82638], [-122.20669, 37.82637], [-122.20669, 37.82637], [-122.20669, 37.82637], [-122.20669, 37.82636], [-122.20669, 37.82636], [-122.20669, 37.82636], [-122.20669, 37.82635], [-122.20669, 37.82635], [-122.20669, 37.82635], [-122.20669, 37.82634], [-122.20669, 37.82634], [-122.20669, 37.82634], [-122.20669, 37.82633], [-122.20669, 37.82633], [-122.2067, 37.82632], [-122.2067, 37.82632], [-122.2067, 37.82632], [-122.2067, 37.82631], [-122.2067, 37.82631], [-122.2067, 37.82631], [-122.20671, 37.8263], [-122.20671, 37.8263], [-122.20671, 37.8263], [-122.20671, 37.82629], [-122.20671, 37.82629], [-122.20671, 37.82629], [-122.20672, 37.82629], [-122.20672, 37.82628], [-122.20684, 37.82612], [-122.20677, 37.82605], [-122.20637, 37.82615], [-122.20637, 37.82615], [-122.20637, 37.82615], [-122.20637, 37.82616], [-122.20637, 37.82616], [-122.20637, 37.82617], [-122.20637, 37.82617], [-122.20637, 37.82617], [-122.20637, 37.82618], [-122.20636, 37.82618], [-122.20636, 37.82619], [-122.20636, 37.82619]]]}, "properties": {"APN": "048E 7349 016 03", "ST_NO": null, "STNAME": "Magellan Dr", "OWNER": "City of Oakland", "AGENCY": "LEA", "DEPT": "OPR", "USE": "Open space, wooded", "COUNCIL_DISTRICT": "CCD4", "CITY": "Oakland", "ZIPCODE": 94611, "LOT_SIZE": "12880          ", "BLD_SIZE": null}}, {"type": "Feature", "geometry": {"type": "Polygon", "coordinates": [[[-122.20162, 37.82723], [-122.20157, 37.82736], [-122.20203, 37.82747], [-122.20206, 37.82741], [-122.20209, 37.82733], [-122.20162, 37.82723]]]}, "properties": {"APN": "048D 7249 011 00", "ST_NO": null, "STNAME": "Shepherd Canyon Rd", "OWNER": "City of Oakland", "AGENCY": "LEA", "DEPT": "OPR", "USE": "Shepherd Canyon Park", "COUNCIL_DISTRICT": "CCD4", "CITY": "Oakland", "ZIPCODE": 94611, "LOT_SIZE": "7607           ", "BLD_SIZE": null}}, {"type": "Feature", "geometry": {"type": "Polygon", "coordinates": [[[-122.19441, 37.83984], [-122.19461, 37.83988], [-122.19479, 37.83958], [-122.19478, 37.83957], [-122.19478, 37.83957], [-122.19477, 37.83957], [-122.19477, 37.83957], [-122.19476, 37.83957], [-122.19476, 37.83957], [-122.19476, 37.83956], [-122.19475, 37.83956], [-122.19475, 37.83956], [-122.19474, 37.83956], [-122.19474, 37.83956], [-122.19473, 37.83955], [-122.19473, 37.83955], [-122.19472, 37.83955], [-122.19472, 37.83955], [-122.19472, 37.83955], [-122.19471, 37.83954], [-122.19471, 37.83954], [-122.1947, 37.83954], [-122.1947, 37.83954], [-122.1947, 37.83953], [-122.19469, 37.83953], [-122.19469, 37.83953], [-122.19468, 37.83952], [-122.19468, 37.83952], [-122.19468, 37.83952], [-122.19467, 37.83952], [-122.19467, 37.83951], [-122.19467, 37.83951], [-122.19466, 37.83951], [-122.19466, 37.83951], [-122.19466, 37.83951], [-122.19465, 37.8395], [-122.19465, 37.8395], [-122.19465, 37.8395], [-122.19464, 37.8395], [-122.19464, 37.8395], [-122.19464, 37.83949], [-122.19463, 37.83949], [-122.19463, 37.83949], [-122.19463, 37.83949], [-122.19462, 37.83949], [-122.19462, 37.83949], [-122.19462, 37.83949], [-122.19461, 37.83948], [-122.19461, 37.83948], [-122.1946, 37.83948], [-122.1946, 37.83948], [-122.19441, 37.83984]]]}, "properties": {"APN": "048E 7319 040 00", "ST_NO": null, "STNAME": "Skyline Bl", "OWNER": "City of Oakland", "AGENCY": "LEA", "DEPT": "OPR", "USE": "vacant lot", "COUNCIL_DISTRICT": "CCD4", "CITY": "Oakland", "ZIPCODE": 94611, "LOT_SIZE": "7003           ", "BLD_SIZE": null}}, {"type": "Feature", "geometry": {"type": "Polygon", "coordinates": [[[-122.18597, 37.83124], [-122.18624, 37.83139], [-122.18648, 37.83118], [-122.18625, 37.831], [-122.18625, 37.831], [-122.18624, 37.83101], [-122.18622, 37.83102], [-122.18621, 37.83103], [-122.18619, 37.83104], [-122.18618, 37.83105], [-122.18617, 37.83106], [-122.18615, 37.83108], [-122.18614, 37.83109], [-122.18613, 37.8311], [-122.18611, 37.83111], [-122.1861, 37.83112], [-122.18609, 37.83113], [-122.18608, 37.83114], [-122.18606, 37.83117], [-122.18603, 37.83119], [-122.18602, 37.8312], [-122.186, 37.83121], [-122.18598, 37.83123], [-122.18597, 37.83124], [-122.18597, 37.83124]]]}, "properties": {"APN": "048D 7297 019 05", "ST_NO": "8455", "STNAME": "Skyline Bl", "OWNER": "City of Oakland", "AGENCY": "LEA", "DEPT": "OPR", "USE": "Open Space", "COUNCIL_DISTRICT": "CCD4", "CITY": "Oakland", "ZIPCODE": 94611, "LOT_SIZE": "10630          ", "BLD_SIZE": null}}, {"type": "Feature", "geometry": {"type": "Polygon", "coordinates": [[[-122.18498, 37.83553], [-122.18498, 37.83553], [-122.18498, 37.83553], [-122.18498, 37.83554], [-122.18498, 37.83554], [-122.18498, 37.83555], [-122.18498, 37.83555], [-122.18497, 37.83556], [-122.18497, 37.83556], [-122.18497, 37.83557], [-122.18497, 37.83557], [-122.18497, 37.83558], [-122.18496, 37.83558], [-122.18496, 37.83559], [-122.18496, 37.83559], [-122.18496, 37.8356], [-122.18495, 37.8356], [-122.18495, 37.8356], [-122.18494, 37.83563], [-122.18493, 37.83563], [-122.18493, 37.83563], [-122.18493, 37.83563], [-122.18493, 37.83563], [-122.18493, 37.83563], [-122.18493, 37.83564], [-122.18493, 37.83564], [-122.18493, 37.83564], [-122.18493, 37.83564], [-122.18493, 37.83564], [-122.18493, 37.83564], [-122.18493, 37.83564], [-122.18493, 37.83564], [-122.18493, 37.83564], [-122.18493, 37.83565], [-122.18493, 37.83565], [-122.18493, 37.83565], [-122.18493, 37.83565], [-122.18493, 37.83565], [-122.18493, 37.83565], [-122.18493, 37.83565], [-122.18493, 37.83565], [-122.18493, 37.83566], [-122.18493, 37.83566], [-122.18493, 37.83566], [-122.18493, 37.83566], [-122.18493, 37.83566], [-122.18493, 37.83566], [-122.18493, 37.83566], [-122.18493, 37.83566], [-122.18493, 37.83567], [-122.18493, 37.83567], [-122.18493, 37.83567], [-122.18493, 37.83567], [-122.18493, 37.83567], [-122.18493, 37.83567], [-122.18493, 37.83567], [-122.18493, 37.83567], [-122.18493, 37.83567], [-122.18493, 37.83568], [-122.18493, 37.83568], [-122.18493, 37.83568], [-122.18493, 37.83568], [-122.18493, 37.83568], [-122.18493, 37.83568], [-122.18493, 37.83568], [-122.18493, 37.83568], [-122.18493, 37.83568], [-122.18493, 37.83569], [-122.18493, 37.83569], [-122.18493, 37.83569], [-122.18494, 37.83569], [-122.18494, 37.83569], [-122.18494, 37.83569], [-122.18494, 37.83569], [-122.18494, 37.83569], [-122.18494, 37.83569], [-122.18494, 37.8357], [-122.18494, 37.8357], [-122.18494, 37.8357], [-122.18494, 37.8357], [-122.18494, 37.8357], [-122.18494, 37.8357], [-122.18495, 37.8357], [-122.18495, 37.8357], [-122.18495, 37.8357], [-122.18495, 37.8357], [-122.18495, 37.8357], [-122.18495, 37.83571], [-122.18495, 37.83571], [-122.18495, 37.83571], [-122.18495, 37.83571], [-122.18495, 37.83571], [-122.18496, 37.83571], [-122.18496, 37.83571], [-122.18496, 37.83571], [-122.18496, 37.83571], [-122.18496, 37.83571], [-122.18496, 37.83571], [-122.18496, 37.83571], [-122.18496, 37.83572], [-122.18497, 37.83572], [-122.18497, 37.83572], [-122.18497, 37.83572], [-122.18497, 37.83572], [-122.18497, 37.83572], [-122.18497, 37.83572], [-122.18497, 37.83572], [-122.18497, 37.83572], [-122.18498, 37.83572], [-122.18498, 37.83572], [-122.18498, 37.83572], [-122.18498, 37.83572], [-122.18498, 37.83572], [-122.18498, 37.83572], [-122.18498, 37.83572], [-122.18499, 37.83572], [-122.18499, 37.83572], [-122.18499, 37.83572], [-122.18499, 37.83572], [-122.18499, 37.83573], [-122.18499, 37.83573], [-122.18499, 37.83573], [-122.185, 37.83573], [-122.18523, 37.83576], [-122.18531, 37.83555], [-122.18531, 37.83555], [-122.18498, 37.83553]]]}, "properties": {"APN": "048D 7311 012 00", "ST_NO": null, "STNAME": "Park Bl", "OWNER": "City of Oakland", "AGENCY": "LEA", "DEPT": "OPR", "USE": "Open Space", "COUNCIL_DISTRICT": "CCD4", "CITY": "Oakland", "ZIPCODE": 94611, "LOT_SIZE": "7800           ", "BLD_SIZE": null}}, {"type": "Feature", "geometry": {"type": "Polygon", "coordinates": [[[-122.21321, 37.81201], [-122.21364, 37.81222], [-122.21366, 37.81223], [-122.21368, 37.81225], [-122.2137, 37.81226], [-122.21373, 37.81227], [-122.21375, 37.81228], [-122.21377, 37.81229], [-122.21379, 37.8123], [-122.21382, 37.81231], [-122.21384, 37.81232], [-122.21387, 37.81232], [-122.21389, 37.81233], [-122.21391, 37.81234], [-122.21394, 37.81235], [-122.214, 37.81237], [-122.21405, 37.81226], [-122.21413, 37.81217], [-122.21422, 37.81216], [-122.21423, 37.81215], [-122.21432, 37.8121], [-122.21442, 37.81205], [-122.21434, 37.81192], [-122.21425, 37.81174], [-122.21437, 37.81157], [-122.21457, 37.81135], [-122.2148, 37.81126], [-122.21481, 37.81125], [-122.215, 37.81104], [-122.21515, 37.81084], [-122.21535, 37.81059], [-122.21538, 37.81055], [-122.21545, 37.81041], [-122.21556, 37.8102], [-122.21563, 37.81014], [-122.21572, 37.81015], [-122.21586, 37.81021], [-122.21599, 37.81029], [-122.21617, 37.81021], [-122.21616, 37.81018], [-122.21615, 37.81017], [-122.21608, 37.80994], [-122.21604, 37.80984], [-122.21599, 37.80976], [-122.21594, 37.80969], [-122.21592, 37.80961], [-122.2159, 37.80955], [-122.21591, 37.80949], [-122.21602, 37.80924], [-122.21602, 37.80918], [-122.21596, 37.8089], [-122.21607, 37.80856], [-122.21607, 37.8085], [-122.21606, 37.80841], [-122.21606, 37.80839], [-122.21609, 37.80832], [-122.21612, 37.80825], [-122.21614, 37.80821], [-122.21615, 37.80818], [-122.21616, 37.8081], [-122.21616, 37.80805], [-122.21615, 37.80799], [-122.21612, 37.80768], [-122.21603, 37.80766], [-122.21602, 37.80766], [-122.21601, 37.80766], [-122.216, 37.80766], [-122.216, 37.80765], [-122.21599, 37.80765], [-122.21598, 37.80765], [-122.21597, 37.80765], [-122.21597, 37.80765], [-122.21596, 37.80764], [-122.21595, 37.80764], [-122.21595, 37.80764], [-122.21594, 37.80764], [-122.21593, 37.80763], [-122.21593, 37.80763], [-122.21592, 37.80763], [-122.21591, 37.80762], [-122.21591, 37.80762], [-122.2159, 37.80762], [-122.21589, 37.80761], [-122.21589, 37.80761], [-122.21588, 37.80761], [-122.21587, 37.8076], [-122.21577, 37.80754], [-122.21576, 37.80754], [-122.21575, 37.80753], [-122.21547, 37.80761], [-122.21551, 37.80762], [-122.21549, 37.80774], [-122.21547, 37.80785], [-122.21546, 37.80796], [-122.21534, 37.80795], [-122.21532, 37.80806], [-122.2153, 37.80817], [-122.21528, 37.80827], [-122.21527, 37.80838], [-122.21525, 37.80849], [-122.21523, 37.8086], [-122.21535, 37.80861], [-122.21534, 37.80872], [-122.21522, 37.80871], [-122.2152, 37.80882], [-122.21518, 37.80894], [-122.2153, 37.80896], [-122.21528, 37.80908], [-122.21516, 37.80906], [-122.21514, 37.80918], [-122.21513, 37.80921], [-122.21507, 37.80934], [-122.21501, 37.80947], [-122.21491, 37.80958], [-122.21481, 37.80969], [-122.21472, 37.8098], [-122.2146, 37.8099], [-122.21468, 37.80997], [-122.21448, 37.81012], [-122.21439, 37.81005], [-122.21429, 37.81013], [-122.21419, 37.8102], [-122.21409, 37.81028], [-122.21399, 37.81036], [-122.21389, 37.81043], [-122.21379, 37.81051], [-122.21367, 37.8106], [-122.21354, 37.8107], [-122.21354, 37.81073], [-122.21356, 37.81097], [-122.21357, 37.81113], [-122.21358, 37.8113], [-122.2136, 37.81151], [-122.21342, 37.81174], [-122.21321, 37.81201]]]}, "properties": {"APN": "029A 1328 001 01", "ST_NO": null, "STNAME": "Leimert Bl", "OWNER": "City of Oakland", "AGENCY": "LEA", "DEPT": "OPR", "USE": "Dimond Park", "COUNCIL_DISTRICT": "CCD1", "CITY": "Oakland", "ZIPCODE": 94602, "LOT_SIZE": "536224         ", "BLD_SIZE": null}}, {"type": "Feature", "geometry": {"type": "Polygon", "coordinates": [[[-122.18666, 37.75067], [-122.18667, 37.75068], [-122.18648, 37.75079], [-122.18647, 37.7508], [-122.18647, 37.75081], [-122.18646, 37.75081], [-122.18645, 37.75082], [-122.18644, 37.75083], [-122.18644, 37.75083], [-122.18643, 37.75084], [-122.18642, 37.75085], [-122.18641, 37.75085], [-122.18641, 37.75086], [-122.1864, 37.75087], [-122.1864, 37.75087], [-122.18639, 37.75088], [-122.18638, 37.75089], [-122.18638, 37.75089], [-122.18637, 37.7509], [-122.18637, 37.75091], [-122.18636, 37.75092], [-122.18635, 37.75093], [-122.18732, 37.75212], [-122.18765, 37.75196], [-122.18693, 37.75106], [-122.18727, 37.7509], [-122.18727, 37.7509], [-122.18726, 37.75089], [-122.18726, 37.75088], [-122.18726, 37.75087], [-122.18725, 37.75087], [-122.18725, 37.75086], [-122.18725, 37.75085], [-122.18724, 37.75084], [-122.18724, 37.75083], [-122.18724, 37.75082], [-122.18724, 37.75082], [-122.18723, 37.75081], [-122.18723, 37.7508], [-122.18723, 37.75079], [-122.18723, 37.75078], [-122.18723, 37.75077], [-122.18722, 37.75076], [-122.18722, 37.75076], [-122.18722, 37.75075], [-122.18722, 37.75074], [-122.18722, 37.75073], [-122.18722, 37.75072], [-122.18722, 37.75071], [-122.18722, 37.7507], [-122.18722, 37.75069], [-122.18722, 37.75069], [-122.18722, 37.75068], [-122.18722, 37.75067], [-122.18722, 37.75066], [-122.18722, 37.75065], [-122.18722, 37.75064], [-122.18723, 37.75063], [-122.18723, 37.75063], [-122.18723, 37.75062], [-122.18723, 37.75061], [-122.18723, 37.7506], [-122.18724, 37.75059], [-122.18724, 37.75058], [-122.18724, 37.75057], [-122.18724, 37.75057], [-122.18725, 37.75056], [-122.18725, 37.75055], [-122.18725, 37.75054], [-122.18726, 37.75053], [-122.18726, 37.75052], [-122.18727, 37.75052], [-122.18727, 37.75051], [-122.18727, 37.7505], [-122.18728, 37.75049], [-122.18728, 37.75048], [-122.18729, 37.75048], [-122.18729, 37.75047], [-122.1873, 37.75046], [-122.1873, 37.75045], [-122.18731, 37.75045], [-122.18731, 37.75044], [-122.18732, 37.75043], [-122.18733, 37.75042], [-122.18733, 37.75042], [-122.18734, 37.75041], [-122.18735, 37.7504], [-122.18735, 37.7504], [-122.18736, 37.75039], [-122.18737, 37.75038], [-122.18737, 37.75038], [-122.18738, 37.75037], [-122.18739, 37.75036], [-122.1874, 37.75036], [-122.1874, 37.75035], [-122.18741, 37.75034], [-122.18742, 37.75034], [-122.18743, 37.75033], [-122.18744, 37.75033], [-122.18758, 37.75022], [-122.18666, 37.75067]]]}, "properties": {"APN": "041 4062 006 00", "ST_NO": null, "STNAME": "69th Av", "OWNER": "City of Oakland", "AGENCY": "LEA", "DEPT": "OPR", "USE": "Coliseum Gardens", "COUNCIL_DISTRICT": "CCD6", "CITY": "Oakland", "ZIPCODE": 94621, "LOT_SIZE": "38400          ", "BLD_SIZE": null}}, {"type": "Feature", "geometry": {"type": "Polygon", "coordinates": [[[-122.18292, 37.75995], [-122.18302, 37.76005], [-122.1831, 37.76], [-122.1831, 37.76], [-122.1831, 37.76], [-122.18309, 37.76], [-122.18309, 37.76], [-122.18309, 37.76], [-122.18309, 37.76], [-122.18309, 37.76], [-122.18309, 37.76], [-122.18309, 37.76], [-122.18308, 37.76], [-122.18308, 37.76], [-122.18308, 37.76], [-122.18308, 37.76], [-122.18308, 37.76], [-122.18308, 37.76], [-122.18308, 37.76], [-122.18308, 37.76], [-122.18307, 37.76], [-122.18307, 37.76], [-122.18307, 37.76], [-122.18307, 37.76], [-122.18307, 37.76], [-122.18307, 37.76], [-122.18307, 37.76], [-122.18306, 37.76], [-122.18306, 37.76], [-122.18306, 37.76], [-122.18306, 37.75999], [-122.18306, 37.75999], [-122.18306, 37.75999], [-122.18306, 37.75999], [-122.18306, 37.75999], [-122.18306, 37.75999], [-122.18305, 37.75999], [-122.18292, 37.75985], [-122.18275, 37.75969], [-122.1827, 37.75973], [-122.18281, 37.75984], [-122.18292, 37.75995]]]}, "properties": {"APN": "040 3319 025 00", "ST_NO": null, "STNAME": "Sunshine Ct", "OWNER": "Redevelopment Agency", "AGENCY": "CEDA", "DEPT": "ORA", "USE": "Future Development", "COUNCIL_DISTRICT": null, "CITY": "Oakland", "ZIPCODE": null, "LOT_SIZE": "3000           ", "BLD_SIZE": null}}, {"type": "Feature", "geometry": {"type": "Polygon", "coordinates": [[[-122.18342, 37.73555], [-122.1836, 37.7356], [-122.1836, 37.73559], [-122.18362, 37.73555], [-122.18364, 37.7355], [-122.18367, 37.73545], [-122.18367, 37.73545], [-122.18367, 37.73545], [-122.18367, 37.73545], [-122.18367, 37.73545], [-122.18367, 37.73545], [-122.18367, 37.73545], [-122.18367, 37.73545], [-122.18367, 37.73545], [-122.18367, 37.73545], [-122.18367, 37.73545], [-122.18367, 37.73544], [-122.18367, 37.73544], [-122.18367, 37.73544], [-122.18367, 37.73544], [-122.18367, 37.73544], [-122.18367, 37.73544], [-122.18367, 37.73544], [-122.18367, 37.73544], [-122.18367, 37.73544], [-122.18367, 37.73544], [-122.18367, 37.73544], [-122.18367, 37.73543], [-122.18367, 37.73543], [-122.18367, 37.73543], [-122.18367, 37.73543], [-122.18367, 37.73543], [-122.18367, 37.73543], [-122.18367, 37.73543], [-122.18367, 37.73543], [-122.18367, 37.73543], [-122.18367, 37.73543], [-122.18367, 37.73542], [-122.18367, 37.73542], [-122.18367, 37.73542], [-122.18367, 37.73542], [-122.18367, 37.73542], [-122.18367, 37.73542], [-122.18367, 37.73542], [-122.18367, 37.73542], [-122.18367, 37.73542], [-122.18367, 37.73542], [-122.18367, 37.73542], [-122.18367, 37.73541], [-122.18367, 37.73541], [-122.18367, 37.73541], [-122.18367, 37.73541], [-122.18367, 37.73541], [-122.18367, 37.73541], [-122.18366, 37.73541], [-122.18366, 37.73541], [-122.18366, 37.73541], [-122.18366, 37.73541], [-122.18366, 37.73541], [-122.18366, 37.7354], [-122.18366, 37.7354], [-122.18366, 37.7354], [-122.18366, 37.7354], [-122.18366, 37.7354], [-122.18366, 37.7354], [-122.18366, 37.7354], [-122.18366, 37.7354], [-122.18366, 37.7354], [-122.18366, 37.7354], [-122.18365, 37.7354], [-122.18365, 37.7354], [-122.18365, 37.7354], [-122.18365, 37.7354], [-122.18365, 37.73539], [-122.18365, 37.73539], [-122.18365, 37.73539], [-122.18365, 37.73539], [-122.18365, 37.73539], [-122.18365, 37.73539], [-122.18365, 37.73539], [-122.18365, 37.73539], [-122.18364, 37.73539], [-122.18364, 37.73539], [-122.18364, 37.73539], [-122.18364, 37.73539], [-122.18364, 37.73539], [-122.18364, 37.73539], [-122.18364, 37.73539], [-122.18364, 37.73539], [-122.18364, 37.73539], [-122.18364, 37.73538], [-122.18363, 37.73538], [-122.18363, 37.73538], [-122.18363, 37.73538], [-122.18363, 37.73538], [-122.18363, 37.73538], [-122.18363, 37.73538], [-122.18363, 37.73538], [-122.18363, 37.73538], [-122.18363, 37.73538], [-122.18351, 37.73535], [-122.18342, 37.73555]]]}, "properties": {"APN": "045 5303 001 00", "ST_NO": "550", "STNAME": null, "OWNER": "City of Oakland", "AGENCY": "PWA", "DEPT": "Maintenance", "USE": "Remnant", "COUNCIL_DISTRICT": "CCD7", "CITY": "Oakland", "ZIPCODE": 94603, "LOT_SIZE": null, "BLD_SIZE": null}}, {"type": "Feature", "geometry": {"type": "Polygon", "coordinates": [[[-122.18453, 37.73419], [-122.1847, 37.73436], [-122.18484, 37.73427], [-122.18466, 37.7341], [-122.18453, 37.73419]]]}, "properties": {"APN": "045 5300 020 00", "ST_NO": "448", "STNAME": "98th Av", "OWNER": "City of Oakland", "AGENCY": "PWA", "DEPT": "Maintenance", "USE": "Remnant", "COUNCIL_DISTRICT": "CCD7", "CITY": "Oakland", "ZIPCODE": 94603, "LOT_SIZE": "4056           ", "BLD_SIZE": null}}, {"type": "Feature", "geometry": {"type": "Polygon", "coordinates": [[[-122.18276, 37.7362], [-122.18321, 37.73632], [-122.18321, 37.73632], [-122.18321, 37.73632], [-122.18321, 37.73632], [-122.18321, 37.73632], [-122.18321, 37.73632], [-122.18322, 37.73632], [-122.18322, 37.73632], [-122.18322, 37.73633], [-122.18322, 37.73633], [-122.18322, 37.73633], [-122.18322, 37.73633], [-122.18322, 37.73633], [-122.18322, 37.73633], [-122.18323, 37.73633], [-122.18323, 37.73633], [-122.18323, 37.73633], [-122.18323, 37.73633], [-122.18323, 37.73633], [-122.18323, 37.73633], [-122.18323, 37.73633], [-122.18323, 37.73633], [-122.18323, 37.73633], [-122.18324, 37.73633], [-122.18324, 37.73633], [-122.18324, 37.73633], [-122.18324, 37.73633], [-122.18324, 37.73633], [-122.18324, 37.73633], [-122.18324, 37.73633], [-122.18324, 37.73632], [-122.18325, 37.73632], [-122.18325, 37.73632], [-122.18325, 37.73632], [-122.18325, 37.73632], [-122.18325, 37.73632], [-122.18325, 37.73632], [-122.18325, 37.73632], [-122.18325, 37.73632], [-122.18325, 37.73632], [-122.18326, 37.73632], [-122.18326, 37.73632], [-122.18326, 37.73632], [-122.18326, 37.73632], [-122.18326, 37.73632], [-122.18326, 37.73632], [-122.18326, 37.73632], [-122.18326, 37.73632], [-122.18326, 37.73632], [-122.18327, 37.73632], [-122.18327, 37.73632], [-122.18327, 37.73632], [-122.18327, 37.73632], [-122.18327, 37.73632], [-122.18327, 37.73632], [-122.18327, 37.73632], [-122.18327, 37.73631], [-122.18327, 37.73631], [-122.18327, 37.73631], [-122.18328, 37.73631], [-122.18328, 37.73631], [-122.18328, 37.73631], [-122.18328, 37.73631], [-122.18328, 37.73631], [-122.18328, 37.73631], [-122.18328, 37.73631], [-122.18328, 37.73631], [-122.18328, 37.73631], [-122.18328, 37.73631], [-122.18328, 37.73631], [-122.18328, 37.73631], [-122.18329, 37.7363], [-122.18329, 37.7363], [-122.18329, 37.7363], [-122.18329, 37.7363], [-122.18329, 37.7363], [-122.18329, 37.7363], [-122.18329, 37.7363], [-122.18329, 37.7363], [-122.18329, 37.7363], [-122.18329, 37.7363], [-122.18329, 37.7363], [-122.18329, 37.7363], [-122.18329, 37.73629], [-122.18329, 37.73629], [-122.18329, 37.73629], [-122.18329, 37.73629], [-122.1833, 37.73629], [-122.1833, 37.73629], [-122.1833, 37.73629], [-122.18336, 37.73614], [-122.18319, 37.73609], [-122.18302, 37.73604], [-122.18285, 37.736], [-122.18276, 37.7362]]]}, "properties": {"APN": "045 5304 057 02", "ST_NO": "620", "STNAME": null, "OWNER": "City of Oakland", "AGENCY": "PWA", "DEPT": "Maintenance", "USE": "Remnant", "COUNCIL_DISTRICT": "CCD7", "CITY": "Oakland", "ZIPCODE": 94603, "LOT_SIZE": null, "BLD_SIZE": null}}, {"type": "Feature", "geometry": {"type": "Polygon", "coordinates": [[[-122.15412, 37.75144], [-122.15425, 37.75148], [-122.15448, 37.7514], [-122.15429, 37.75102], [-122.15408, 37.75109], [-122.15397, 37.75112], [-122.15399, 37.75118], [-122.15412, 37.75144]]]}, "properties": {"APN": "048 5617 010 04", "ST_NO": "2660", "STNAME": "98th Av", "OWNER": "City of Oakland", "AGENCY": "PWA", "DEPT": "Maintenance", "USE": "Fire Station #26", "COUNCIL_DISTRICT": "CCD7", "CITY": "Oakland", "ZIPCODE": 94605, "LOT_SIZE": "14699          ", "BLD_SIZE": null}}, {"type": "Feature", "geometry": {"type": "Polygon", "coordinates": [[[-122.2237, 37.81149], [-122.22396, 37.81158], [-122.22396, 37.81158], [-122.22396, 37.81158], [-122.22396, 37.81158], [-122.22396, 37.81158], [-122.22395, 37.81157], [-122.22395, 37.81157], [-122.22395, 37.81157], [-122.22395, 37.81157], [-122.22395, 37.81157], [-122.22395, 37.81157], [-122.22395, 37.81157], [-122.22371, 37.81148], [-122.22345, 37.8114], [-122.22345, 37.8114], [-122.22345, 37.8114], [-122.22345, 37.8114], [-122.22345, 37.8114], [-122.22345, 37.8114], [-122.22345, 37.8114], [-122.22345, 37.8114], [-122.22344, 37.8114], [-122.22344, 37.81141], [-122.2237, 37.81149]]]}, "properties": {"APN": "011 0925 116 00", "ST_NO": "15", "STNAME": "Bowles Pl", "OWNER": "City of Oakland", "AGENCY": "PWA", "DEPT": "Maintenance", "USE": "Pathway", "COUNCIL_DISTRICT": "CCD2", "CITY": "Oakland", "ZIPCODE": 94610, "LOT_SIZE": "810            ", "BLD_SIZE": null}}, {"type": "Feature", "geometry": {"type": "Polygon", "coordinates": [[[-122.15587, 37.76104], [-122.15576, 37.7609], [-122.15566, 37.76076], [-122.15555, 37.76062], [-122.15544, 37.76048], [-122.15532, 37.76033], [-122.15522, 37.76019], [-122.15508, 37.76001], [-122.15499, 37.7599], [-122.15473, 37.75956], [-122.1546, 37.75939], [-122.15448, 37.75923], [-122.15438, 37.75911], [-122.1543, 37.759], [-122.15407, 37.75871], [-122.15398, 37.75859], [-122.1538, 37.75836], [-122.15372, 37.75827], [-122.15371, 37.75824], [-122.15362, 37.75813], [-122.15352, 37.75801], [-122.15343, 37.75789], [-122.15336, 37.7578], [-122.15335, 37.75778], [-122.15324, 37.75764], [-122.15313, 37.7575], [-122.15305, 37.75741], [-122.15297, 37.7573], [-122.15297, 37.75729], [-122.15246, 37.75751], [-122.15247, 37.75752], [-122.15249, 37.75752], [-122.1525, 37.75752], [-122.15251, 37.75752], [-122.15253, 37.75752], [-122.15254, 37.75752], [-122.15255, 37.75752], [-122.15257, 37.75753], [-122.15258, 37.75753], [-122.15259, 37.75753], [-122.15261, 37.75753], [-122.15262, 37.75754], [-122.15263, 37.75754], [-122.15265, 37.75754], [-122.15266, 37.75755], [-122.15267, 37.75755], [-122.15268, 37.75755], [-122.1527, 37.75756], [-122.15271, 37.75756], [-122.15272, 37.75757], [-122.15273, 37.75757], [-122.15275, 37.75757], [-122.15276, 37.75758], [-122.15277, 37.75758], [-122.15278, 37.75759], [-122.1528, 37.75759], [-122.15281, 37.7576], [-122.15282, 37.75761], [-122.15283, 37.75761], [-122.15284, 37.75762], [-122.15285, 37.75762], [-122.15286, 37.75763], [-122.15288, 37.75764], [-122.15289, 37.75764], [-122.1529, 37.75765], [-122.15291, 37.75766], [-122.15292, 37.75766], [-122.15293, 37.75767], [-122.15294, 37.75768], [-122.15295, 37.75769], [-122.15296, 37.75769], [-122.15297, 37.7577], [-122.15298, 37.75771], [-122.15299, 37.75772], [-122.153, 37.75772], [-122.15301, 37.75773], [-122.15301, 37.75774], [-122.15302, 37.75775], [-122.15303, 37.75776], [-122.15304, 37.75776], [-122.15304, 37.75777], [-122.15305, 37.75778], [-122.15305, 37.75778], [-122.15306, 37.75779], [-122.15306, 37.75779], [-122.15306, 37.7578], [-122.15307, 37.7578], [-122.15307, 37.75781], [-122.15308, 37.75781], [-122.15308, 37.75782], [-122.15308, 37.75782], [-122.15309, 37.75783], [-122.15309, 37.75784], [-122.15309, 37.75784], [-122.1531, 37.75785], [-122.1531, 37.75785], [-122.1531, 37.75786], [-122.1531, 37.75787], [-122.15311, 37.75787], [-122.15311, 37.75788], [-122.15311, 37.75788], [-122.15311, 37.75789], [-122.15312, 37.7579], [-122.15312, 37.7579], [-122.15312, 37.75791], [-122.15312, 37.75791], [-122.15312, 37.75792], [-122.15312, 37.75793], [-122.15312, 37.75793], [-122.15313, 37.75794], [-122.15313, 37.75795], [-122.15313, 37.75795], [-122.15313, 37.75796], [-122.15313, 37.75797], [-122.15313, 37.75797], [-122.15313, 37.75798], [-122.15313, 37.75798], [-122.15313, 37.75799], [-122.15313, 37.758], [-122.15313, 37.758], [-122.15313, 37.75801], [-122.15313, 37.75802], [-122.15313, 37.75802], [-122.15313, 37.75803], [-122.15312, 37.75804], [-122.15312, 37.75804], [-122.15312, 37.75805], [-122.15312, 37.75805], [-122.15312, 37.75806], [-122.15312, 37.75807], [-122.15312, 37.75807], [-122.15311, 37.75808], [-122.15311, 37.75809], [-122.15311, 37.75809], [-122.15311, 37.7581], [-122.1531, 37.7581], [-122.1531, 37.75811], [-122.1531, 37.75812], [-122.1531, 37.75812], [-122.15309, 37.75813], [-122.15309, 37.75813], [-122.15309, 37.75814], [-122.15308, 37.75814], [-122.15308, 37.75815], [-122.15307, 37.75816], [-122.15307, 37.75816], [-122.15307, 37.75817], [-122.15306, 37.75817], [-122.15306, 37.75818], [-122.15305, 37.75818], [-122.15305, 37.75819], [-122.15305, 37.75819], [-122.15304, 37.7582], [-122.15304, 37.7582], [-122.15303, 37.75821], [-122.15303, 37.75821], [-122.15302, 37.75822], [-122.15302, 37.75822], [-122.15301, 37.75823], [-122.153, 37.75823], [-122.153, 37.75824], [-122.15299, 37.75824], [-122.15299, 37.75825], [-122.15298, 37.75825], [-122.15298, 37.75826], [-122.15297, 37.75826], [-122.15296, 37.75826], [-122.15296, 37.75827], [-122.15295, 37.75827], [-122.15294, 37.75828], [-122.15294, 37.75828], [-122.15293, 37.75828], [-122.15293, 37.75829], [-122.15287, 37.75831], [-122.15283, 37.75833], [-122.1528, 37.75835], [-122.15276, 37.75836], [-122.15273, 37.75838], [-122.15269, 37.75839], [-122.15267, 37.7584], [-122.15265, 37.75841], [-122.15264, 37.75841], [-122.15262, 37.75842], [-122.15261, 37.75842], [-122.1526, 37.75843], [-122.15258, 37.75843], [-122.15257, 37.75843], [-122.15255, 37.75844], [-122.15254, 37.75844], [-122.15252, 37.75844], [-122.152, 37.75855], [-122.15199, 37.75855], [-122.15197, 37.75856], [-122.15196, 37.75856], [-122.15194, 37.75856], [-122.15193, 37.75857], [-122.15191, 37.75857], [-122.1519, 37.75857], [-122.15188, 37.75858], [-122.15187, 37.75858], [-122.15186, 37.75859], [-122.15184, 37.75859], [-122.15183, 37.7586], [-122.15181, 37.7586], [-122.1518, 37.75861], [-122.15179, 37.75862], [-122.15177, 37.75862], [-122.15176, 37.75863], [-122.15174, 37.75864], [-122.15155, 37.75873], [-122.15168, 37.75889], [-122.15152, 37.75903], [-122.15138, 37.75914], [-122.15126, 37.75924], [-122.15096, 37.75938], [-122.15085, 37.75944], [-122.15106, 37.7597], [-122.15115, 37.75982], [-122.15126, 37.75995], [-122.15101, 37.76014], [-122.15102, 37.76014], [-122.15102, 37.76015], [-122.15103, 37.76015], [-122.15104, 37.76016], [-122.15105, 37.76016], [-122.15105, 37.76017], [-122.15106, 37.76017], [-122.15107, 37.76018], [-122.15108, 37.76018], [-122.15109, 37.76019], [-122.1511, 37.76019], [-122.15111, 37.7602], [-122.15186, 37.76059], [-122.15188, 37.76061], [-122.15189, 37.76061], [-122.1519, 37.76062], [-122.15191, 37.76063], [-122.15192, 37.76063], [-122.15193, 37.76064], [-122.15194, 37.76065], [-122.15195, 37.76065], [-122.15196, 37.76066], [-122.15197, 37.76067], [-122.15198, 37.76068], [-122.15199, 37.76068], [-122.152, 37.76069], [-122.15201, 37.7607], [-122.15202, 37.76071], [-122.15203, 37.76072], [-122.15204, 37.76073], [-122.15205, 37.76074], [-122.15205, 37.76074], [-122.15206, 37.76075], [-122.15207, 37.76076], [-122.15208, 37.76077], [-122.15209, 37.76078], [-122.15209, 37.76079], [-122.1521, 37.7608], [-122.15211, 37.76081], [-122.15211, 37.76082], [-122.15212, 37.76083], [-122.15213, 37.76084], [-122.15213, 37.76085], [-122.15213, 37.76085], [-122.15213, 37.76085], [-122.15213, 37.76085], [-122.15214, 37.76085], [-122.15214, 37.76085], [-122.15214, 37.76085], [-122.15214, 37.76085], [-122.15214, 37.76085], [-122.15214, 37.76086], [-122.15214, 37.76086], [-122.15214, 37.76086], [-122.15214, 37.76086], [-122.15214, 37.76086], [-122.15214, 37.76086], [-122.15214, 37.76086], [-122.15214, 37.76086], [-122.15214, 37.76086], [-122.15215, 37.76086], [-122.15215, 37.76086], [-122.15215, 37.76086], [-122.15215, 37.76086], [-122.15215, 37.76086], [-122.15215, 37.76087], [-122.15215, 37.76087], [-122.15215, 37.76087], [-122.15215, 37.76087], [-122.15215, 37.76087], [-122.15215, 37.76087], [-122.15216, 37.76087], [-122.15216, 37.76087], [-122.15216, 37.76087], [-122.15216, 37.76087], [-122.15216, 37.76087], [-122.15216, 37.76087], [-122.15216, 37.76087], [-122.15216, 37.76087], [-122.15216, 37.76087], [-122.15216, 37.76087], [-122.15217, 37.76087], [-122.15217, 37.76087], [-122.15217, 37.76087], [-122.15217, 37.76087], [-122.15217, 37.76087], [-122.15217, 37.76088], [-122.15217, 37.76088], [-122.15217, 37.76088], [-122.15217, 37.76088], [-122.15218, 37.76088], [-122.15218, 37.76088], [-122.15218, 37.76088], [-122.15218, 37.76088], [-122.15218, 37.76088], [-122.15218, 37.76088], [-122.15218, 37.76088], [-122.15218, 37.76088], [-122.15219, 37.76088], [-122.15219, 37.76088], [-122.15219, 37.76088], [-122.15219, 37.76088], [-122.15219, 37.76088], [-122.15219, 37.76088], [-122.15219, 37.76088], [-122.15219, 37.76088], [-122.15219, 37.76088], [-122.1522, 37.76088], [-122.1522, 37.76088], [-122.1522, 37.76088], [-122.1522, 37.76088], [-122.1522, 37.76088], [-122.1522, 37.76088], [-122.1522, 37.76088], [-122.1522, 37.76088], [-122.15221, 37.76088], [-122.15221, 37.76088], [-122.15221, 37.76088], [-122.15221, 37.76088], [-122.15221, 37.76088], [-122.15221, 37.76088], [-122.15221, 37.76088], [-122.15225, 37.76087], [-122.15227, 37.76087], [-122.1523, 37.76086], [-122.15233, 37.76086], [-122.15235, 37.76085], [-122.15238, 37.76085], [-122.15241, 37.76085], [-122.15244, 37.76084], [-122.15246, 37.76084], [-122.15249, 37.76084], [-122.15252, 37.76084], [-122.15254, 37.76084], [-122.15257, 37.76083], [-122.1526, 37.76083], [-122.15263, 37.76083], [-122.15265, 37.76083], [-122.15268, 37.76083], [-122.15271, 37.76084], [-122.15274, 37.76084], [-122.15276, 37.76084], [-122.15279, 37.76084], [-122.15282, 37.76084], [-122.15285, 37.76085], [-122.15287, 37.76085], [-122.1529, 37.76085], [-122.15293, 37.76086], [-122.15295, 37.76086], [-122.15298, 37.76087], [-122.15301, 37.76087], [-122.15303, 37.76088], [-122.15306, 37.76088], [-122.15309, 37.76089], [-122.15311, 37.7609], [-122.15314, 37.7609], [-122.15316, 37.76091], [-122.15319, 37.76092], [-122.15322, 37.76093], [-122.15324, 37.76093], [-122.15495, 37.76162], [-122.15498, 37.76163], [-122.155, 37.76164], [-122.15503, 37.76165], [-122.15505, 37.76166], [-122.15508, 37.76167], [-122.1551, 37.76167], [-122.15513, 37.76168], [-122.15516, 37.76169], [-122.15518, 37.7617], [-122.15521, 37.7617], [-122.15524, 37.76171], [-122.15526, 37.76171], [-122.15529, 37.76172], [-122.15532, 37.76172], [-122.15534, 37.76173], [-122.15537, 37.76173], [-122.1554, 37.76174], [-122.15542, 37.76174], [-122.15545, 37.76174], [-122.15548, 37.76175], [-122.15551, 37.76175], [-122.15553, 37.76175], [-122.15556, 37.76175], [-122.15559, 37.76175], [-122.15562, 37.76176], [-122.15564, 37.76176], [-122.15567, 37.76176], [-122.1557, 37.76176], [-122.15573, 37.76175], [-122.15576, 37.76175], [-122.15578, 37.76175], [-122.15581, 37.76175], [-122.15584, 37.76175], [-122.15587, 37.76175], [-122.15589, 37.76174], [-122.15592, 37.76174], [-122.15595, 37.76174], [-122.15597, 37.76173], [-122.156, 37.76173], [-122.15603, 37.76172], [-122.15606, 37.76172], [-122.15608, 37.76171], [-122.15611, 37.76171], [-122.15614, 37.7617], [-122.15616, 37.76169], [-122.15619, 37.76169], [-122.15621, 37.76168], [-122.15625, 37.76167], [-122.15633, 37.76164], [-122.1562, 37.76147], [-122.15599, 37.76119], [-122.15587, 37.76104]]]}, "properties": {"APN": "043A 4675 002 24", "ST_NO": null, "STNAME": "Fontaine St", "OWNER": "City of Oakland", "AGENCY": "LEA", "DEPT": "OPR", "USE": "King Estates Park", "COUNCIL_DISTRICT": "CCD7", "CITY": "Oakland", "ZIPCODE": 94605, "LOT_SIZE": "23.74          ", "BLD_SIZE": null}}, {"type": "Feature", "geometry": {"type": "Polygon", "coordinates": [[[-122.22661, 37.80995], [-122.22698, 37.81003], [-122.22698, 37.81002], [-122.22698, 37.81002], [-122.2266, 37.80993], [-122.2266, 37.80993], [-122.22661, 37.80994], [-122.22661, 37.80994], [-122.22661, 37.80994], [-122.22661, 37.80994], [-122.22661, 37.80994], [-122.22661, 37.80994], [-122.22661, 37.80994], [-122.22661, 37.80994], [-122.22661, 37.80994], [-122.22661, 37.80994], [-122.22661, 37.80995], [-122.22661, 37.80995], [-122.22661, 37.80995], [-122.22661, 37.80995]]]}, "properties": {"APN": "011 0898 022 00", "ST_NO": "1079 1/2", "STNAME": "Underhills Rd", "OWNER": "City of Oakland", "AGENCY": "PWA", "DEPT": "Maintenance", "USE": "Pathway", "COUNCIL_DISTRICT": "CCD2", "CITY": "Oakland", "ZIPCODE": 94610, "LOT_SIZE": "543            ", "BLD_SIZE": null}}, {"type": "Feature", "geometry": {"type": "Polygon", "coordinates": [[[-122.17833, 37.76465], [-122.17847, 37.76479], [-122.17847, 37.76479], [-122.17848, 37.76479], [-122.17848, 37.76479], [-122.17848, 37.76479], [-122.17848, 37.76479], [-122.17848, 37.7648], [-122.17848, 37.7648], [-122.17848, 37.7648], [-122.17848, 37.7648], [-122.17848, 37.7648], [-122.17849, 37.7648], [-122.17849, 37.7648], [-122.17849, 37.7648], [-122.17849, 37.7648], [-122.17849, 37.7648], [-122.17849, 37.7648], [-122.17849, 37.7648], [-122.1785, 37.7648], [-122.1785, 37.7648], [-122.1785, 37.7648], [-122.1785, 37.7648], [-122.1785, 37.7648], [-122.1785, 37.7648], [-122.17851, 37.7648], [-122.17851, 37.7648], [-122.17851, 37.7648], [-122.17851, 37.7648], [-122.17851, 37.7648], [-122.17851, 37.7648], [-122.17852, 37.7648], [-122.17852, 37.7648], [-122.17852, 37.7648], [-122.17852, 37.7648], [-122.17852, 37.7648], [-122.17852, 37.7648], [-122.17852, 37.7648], [-122.17853, 37.7648], [-122.17853, 37.7648], [-122.17853, 37.7648], [-122.17853, 37.7648], [-122.17853, 37.7648], [-122.17853, 37.7648], [-122.17854, 37.7648], [-122.17854, 37.7648], [-122.17854, 37.7648], [-122.17854, 37.7648], [-122.17854, 37.7648], [-122.17854, 37.7648], [-122.17854, 37.7648], [-122.17854, 37.7648], [-122.17855, 37.7648], [-122.17903, 37.76448], [-122.17904, 37.76448], [-122.17904, 37.76448], [-122.17904, 37.76448], [-122.17904, 37.76448], [-122.17904, 37.76448], [-122.17904, 37.76448], [-122.17904, 37.76448], [-122.17904, 37.76448], [-122.17904, 37.76447], [-122.17905, 37.76447], [-122.17905, 37.76447], [-122.17905, 37.76447], [-122.17905, 37.76447], [-122.17905, 37.76447], [-122.17905, 37.76447], [-122.17905, 37.76447], [-122.17905, 37.76446], [-122.17905, 37.76446], [-122.17905, 37.76446], [-122.17905, 37.76446], [-122.17905, 37.76446], [-122.17905, 37.76446], [-122.17905, 37.76446], [-122.17905, 37.76446], [-122.17905, 37.76445], [-122.17905, 37.76445], [-122.17905, 37.76445], [-122.17905, 37.76445], [-122.17905, 37.76445], [-122.17905, 37.76445], [-122.17905, 37.76445], [-122.17905, 37.76444], [-122.17905, 37.76444], [-122.17905, 37.76444], [-122.17905, 37.76444], [-122.17905, 37.76444], [-122.17905, 37.76444], [-122.17905, 37.76444], [-122.17905, 37.76444], [-122.17905, 37.76444], [-122.17905, 37.76443], [-122.17905, 37.76443], [-122.17905, 37.76443], [-122.17905, 37.76443], [-122.17905, 37.76443], [-122.17905, 37.76443], [-122.17905, 37.76443], [-122.17904, 37.76443], [-122.17904, 37.76443], [-122.17904, 37.76442], [-122.1789, 37.76428], [-122.17862, 37.76447], [-122.17833, 37.76465]]]}, "properties": {"APN": "040 3328 055 01", "ST_NO": "2320", "STNAME": null, "OWNER": "City of Oakland", "AGENCY": "PWA", "DEPT": "Maintenance", "USE": "Street Remnant", "COUNCIL_DISTRICT": "CCD6", "CITY": "Oakland", "ZIPCODE": 94605, "LOT_SIZE": null, "BLD_SIZE": null}}, {"type": "Feature", "geometry": {"type": "Polygon", "coordinates": [[[-122.26242, 37.8004], [-122.26243, 37.80041], [-122.26243, 37.80042], [-122.26243, 37.80043], [-122.26244, 37.80045], [-122.26244, 37.80046], [-122.26244, 37.80047], [-122.26245, 37.80048], [-122.26245, 37.8005], [-122.26246, 37.80051], [-122.26246, 37.80052], [-122.26247, 37.80053], [-122.26247, 37.80055], [-122.26248, 37.80056], [-122.26249, 37.80057], [-122.26249, 37.80058], [-122.2625, 37.80059], [-122.26251, 37.8006], [-122.26251, 37.80062], [-122.26252, 37.80063], [-122.26253, 37.80064], [-122.26254, 37.80065], [-122.26255, 37.80066], [-122.26256, 37.80067], [-122.26256, 37.80068], [-122.26257, 37.80069], [-122.26258, 37.8007], [-122.26259, 37.80071], [-122.2626, 37.80072], [-122.26261, 37.80074], [-122.26262, 37.80075], [-122.26263, 37.80076], [-122.26264, 37.80076], [-122.26265, 37.80077], [-122.26266, 37.80078], [-122.26268, 37.80079], [-122.26269, 37.8008], [-122.2627, 37.80081], [-122.26271, 37.80082], [-122.26272, 37.80083], [-122.26274, 37.80084], [-122.26275, 37.80085], [-122.26276, 37.80085], [-122.26277, 37.80086], [-122.26279, 37.80087], [-122.2628, 37.80088], [-122.26281, 37.80089], [-122.26284, 37.8009], [-122.26313, 37.80043], [-122.26237, 37.80013], [-122.26242, 37.8004]]]}, "properties": {"APN": "002 0091 001 00", "ST_NO": "1310", "STNAME": "Oak St", "OWNER": "City of Oakland", "AGENCY": "PWA", "DEPT": "Maintenance", "USE": "Fire Alarm Bldg.", "COUNCIL_DISTRICT": "CCD2", "CITY": "Oakland", "ZIPCODE": 94612, "LOT_SIZE": "51416          ", "BLD_SIZE": null}}, {"type": "Feature", "geometry": {"type": "Polygon", "coordinates": [[[-122.23116, 37.77738], [-122.23233, 37.77819], [-122.23255, 37.77799], [-122.23249, 37.77795], [-122.23269, 37.77777], [-122.23265, 37.77774], [-122.23271, 37.77769], [-122.2328, 37.77776], [-122.23289, 37.77768], [-122.23272, 37.77756], [-122.23259, 37.77747], [-122.23245, 37.77737], [-122.23227, 37.77725], [-122.23213, 37.77715], [-122.232, 37.77706], [-122.23182, 37.77694], [-122.23169, 37.77684], [-122.23116, 37.77738]]]}, "properties": {"APN": "019 0093 016 02", "ST_NO": "1125", "STNAME": "29th Av", "OWNER": "City of Oakland", "AGENCY": "PWA", "DEPT": "Maintenance", "USE": "Median", "COUNCIL_DISTRICT": "CCD5", "CITY": "Oakland", "ZIPCODE": 94601, "LOT_SIZE": "2.6            ", "BLD_SIZE": null}}, {"type": "Feature", "geometry": {"type": "Polygon", "coordinates": [[[-122.22548, 37.77349], [-122.22576, 37.77368], [-122.22582, 37.77355], [-122.22552, 37.77341], [-122.22548, 37.77349]]]}, "properties": {"APN": "033 2250 001 00", "ST_NO": "569", "STNAME": "High St", "OWNER": null, "AGENCY": null, "DEPT": null, "USE": null, "COUNCIL_DISTRICT": "CCD5", "CITY": "Oakland", "ZIPCODE": null, "LOT_SIZE": null, "BLD_SIZE": null}}, {"type": "Feature", "geometry": {"type": "Polygon", "coordinates": [[[-122.21701, 37.79978], [-122.21747, 37.7999], [-122.21751, 37.79979], [-122.21725, 37.79973], [-122.21705, 37.79968], [-122.21701, 37.79978]]]}, "properties": {"APN": "026 0836 015 00", "ST_NO": "3400", "STNAME": "Dimond Av", "OWNER": "City of Oakland", "AGENCY": "PWA", "DEPT": "Parking", "USE": "Dimond Parking Lot", "COUNCIL_DISTRICT": "CCD4", "CITY": "Oakland", "ZIPCODE": 94602, "LOT_SIZE": "19740          ", "BLD_SIZE": null}}, {"type": "Feature", "geometry": {"type": "Polygon", "coordinates": [[[-122.22837, 37.80154], [-122.2283, 37.80178], [-122.22837, 37.8017], [-122.2284, 37.80165], [-122.22843, 37.80162], [-122.22845, 37.80159], [-122.22847, 37.80156], [-122.22837, 37.80154]]]}, "properties": {"APN": "023 0487 008 01", "ST_NO": "1418", "STNAME": "Macarthur Bl", "OWNER": "City of Oakland", "AGENCY": "PWA", "DEPT": "Maintenance", "USE": "Hillside", "COUNCIL_DISTRICT": "CCD5", "CITY": "Oakland", "ZIPCODE": 94602, "LOT_SIZE": "3600           ", "BLD_SIZE": null}}, {"type": "Feature", "geometry": {"type": "Polygon", "coordinates": [[[-122.20748, 37.77221], [-122.20748, 37.77256], [-122.20757, 37.77256], [-122.20765, 37.7726], [-122.20786, 37.77232], [-122.20774, 37.77226], [-122.20762, 37.77221], [-122.20748, 37.77221]]]}, "properties": {"APN": "035 2384 001 00", "ST_NO": "4805", "STNAME": "Foothill Bl", "OWNER": "City of Oakland", "AGENCY": "LEA", "DEPT": "Library", "USE": "Melrose Library", "COUNCIL_DISTRICT": "CCD4", "CITY": "Oakland", "ZIPCODE": 94601, "LOT_SIZE": "10850          ", "BLD_SIZE": null}}, {"type": "Feature", "geometry": {"type": "Polygon", "coordinates": [[[-122.22977, 37.80476], [-122.2299, 37.80466], [-122.22981, 37.80465], [-122.22971, 37.80464], [-122.2296, 37.80464], [-122.22961, 37.80465], [-122.22961, 37.80465], [-122.22962, 37.80466], [-122.22962, 37.80466], [-122.22963, 37.80467], [-122.22963, 37.80467], [-122.22964, 37.80468], [-122.22965, 37.80468], [-122.22965, 37.80469], [-122.22966, 37.80469], [-122.22966, 37.8047], [-122.22967, 37.8047], [-122.22968, 37.80471], [-122.22968, 37.80471], [-122.22969, 37.80472], [-122.2297, 37.80472], [-122.2297, 37.80473], [-122.22971, 37.80473], [-122.22972, 37.80473], [-122.22973, 37.80474], [-122.22973, 37.80474], [-122.22974, 37.80475], [-122.22975, 37.80475], [-122.22976, 37.80475], [-122.22976, 37.80476], [-122.22977, 37.80476]]]}, "properties": {"APN": "023 0479 020 00", "ST_NO": "3775", "STNAME": "Park Bl", "OWNER": "City of Oakland", "AGENCY": "PWA", "DEPT": "Maintenance", "USE": "Traffic Island", "COUNCIL_DISTRICT": "CCD5", "CITY": "Oakland", "ZIPCODE": 94610, "LOT_SIZE": "16440          ", "BLD_SIZE": null}}, {"type": "Feature", "geometry": {"type": "Polygon", "coordinates": [[[-122.24454, 37.79121], [-122.2446, 37.79126], [-122.24468, 37.79121], [-122.2447, 37.79119], [-122.24459, 37.79118], [-122.24454, 37.79121]]]}, "properties": {"APN": "020 0194 012 04", "ST_NO": null, "STNAME": "Foothill Bl", "OWNER": "City of Oakland", "AGENCY": "PWA", "DEPT": "Maintenance", "USE": "Traffic Island", "COUNCIL_DISTRICT": "CCD2", "CITY": "Oakland", "ZIPCODE": 94606, "LOT_SIZE": "0              ", "BLD_SIZE": null}}, {"type": "Feature", "geometry": {"type": "Polygon", "coordinates": [[[-122.19731, 37.82185], [-122.19741, 37.82194], [-122.19799, 37.8217], [-122.19799, 37.82169], [-122.19799, 37.82168], [-122.19799, 37.82167], [-122.19799, 37.82167], [-122.19799, 37.82166], [-122.19799, 37.82166], [-122.19798, 37.82165], [-122.19798, 37.82164], [-122.19798, 37.82164], [-122.19798, 37.82163], [-122.19798, 37.82162], [-122.19797, 37.82162], [-122.19797, 37.82161], [-122.19797, 37.8216], [-122.19797, 37.8216], [-122.19796, 37.82159], [-122.19796, 37.82159], [-122.19796, 37.82158], [-122.19795, 37.82157], [-122.19795, 37.82157], [-122.19795, 37.82156], [-122.19794, 37.82156], [-122.19794, 37.82155], [-122.19793, 37.82154], [-122.19793, 37.82154], [-122.19731, 37.82185]]]}, "properties": {"APN": "048D 7254 030 00", "ST_NO": null, "STNAME": "Ascot Dr", "OWNER": "City of Oakland", "AGENCY": "LEA", "DEPT": "OPR", "USE": "Sulfur Springs Park", "COUNCIL_DISTRICT": "CCD4", "CITY": "Oakland", "ZIPCODE": 94611, "LOT_SIZE": "37630          ", "BLD_SIZE": null}}, {"type": "Feature", "geometry": {"type": "Polygon", "coordinates": [[[-122.18583, 37.81295], [-122.18696, 37.81357], [-122.18936, 37.81453], [-122.18931, 37.81438], [-122.19036, 37.8142], [-122.19077, 37.81406], [-122.19132, 37.81394], [-122.19177, 37.81399], [-122.1922, 37.81385], [-122.19323, 37.81375], [-122.19379, 37.81391], [-122.1939, 37.81373], [-122.19459, 37.81263], [-122.19397, 37.81239], [-122.19427, 37.81191], [-122.19378, 37.81172], [-122.19415, 37.81113], [-122.19452, 37.81086], [-122.19335, 37.81063], [-122.19329, 37.81061], [-122.19322, 37.8106], [-122.19316, 37.81058], [-122.1931, 37.81056], [-122.19304, 37.81055], [-122.19297, 37.81053], [-122.19291, 37.81051], [-122.19285, 37.81049], [-122.19279, 37.81047], [-122.19273, 37.81045], [-122.19267, 37.81043], [-122.19261, 37.8104], [-122.19255, 37.81038], [-122.1925, 37.81035], [-122.19244, 37.81033], [-122.19237, 37.81029], [-122.19154, 37.80988], [-122.19152, 37.80987], [-122.1915, 37.80986], [-122.19147, 37.80985], [-122.19145, 37.80984], [-122.19142, 37.80983], [-122.19139, 37.80982], [-122.19137, 37.80981], [-122.19134, 37.8098], [-122.19132, 37.80979], [-122.19129, 37.80978], [-122.19126, 37.80978], [-122.19124, 37.80977], [-122.19121, 37.80976], [-122.19118, 37.80976], [-122.19116, 37.80975], [-122.19113, 37.80975], [-122.1911, 37.80974], [-122.19108, 37.80974], [-122.19105, 37.80973], [-122.19102, 37.80973], [-122.19099, 37.80972], [-122.19097, 37.80972], [-122.19094, 37.80972], [-122.19091, 37.80972], [-122.19088, 37.80971], [-122.19085, 37.80971], [-122.19083, 37.80971], [-122.1908, 37.80971], [-122.19077, 37.80971], [-122.19074, 37.80971], [-122.19071, 37.80971], [-122.19069, 37.80971], [-122.19066, 37.80971], [-122.19063, 37.80971], [-122.1906, 37.80972], [-122.19056, 37.80972], [-122.18935, 37.80987], [-122.18931, 37.80988], [-122.18928, 37.80988], [-122.18925, 37.80989], [-122.18922, 37.80989], [-122.18918, 37.80989], [-122.18915, 37.80989], [-122.18912, 37.80989], [-122.18909, 37.8099], [-122.18905, 37.8099], [-122.18902, 37.8099], [-122.18899, 37.8099], [-122.18895, 37.80989], [-122.18892, 37.80989], [-122.18889, 37.80989], [-122.18886, 37.80989], [-122.18882, 37.80989], [-122.18879, 37.80988], [-122.18876, 37.80988], [-122.18873, 37.80988], [-122.18869, 37.80987], [-122.18866, 37.80987], [-122.18863, 37.80986], [-122.1886, 37.80986], [-122.18856, 37.80985], [-122.18853, 37.80984], [-122.1885, 37.80984], [-122.18847, 37.80983], [-122.18844, 37.80982], [-122.18841, 37.80981], [-122.18838, 37.8098], [-122.18835, 37.80979], [-122.18832, 37.80978], [-122.18828, 37.80977], [-122.18824, 37.80976], [-122.18775, 37.80958], [-122.18583, 37.81295]]]}, "properties": {"APN": "029 1200 006 03", "ST_NO": null, "STNAME": "Joaquin Miller Rd", "OWNER": "City of Oakland", "AGENCY": "LEA", "DEPT": "OPR", "USE": "Park", "COUNCIL_DISTRICT": "CCD4", "CITY": "Oakland", "ZIPCODE": null, "LOT_SIZE": "75             ", "BLD_SIZE": null}}, {"type": "Feature", "geometry": {"type": "Polygon", "coordinates": [[[-122.17768, 37.8032], [-122.17767, 37.8032], [-122.17798, 37.80346], [-122.17801, 37.80349], [-122.17805, 37.80352], [-122.17806, 37.80351], [-122.17806, 37.80351], [-122.17768, 37.8032]]]}, "properties": {"APN": "037A 3150 005 00", "ST_NO": null, "STNAME": "Skyline Bl", "OWNER": "City of Oakland", "AGENCY": "PWA", "DEPT": "Maintenance", "USE": "1' strip", "COUNCIL_DISTRICT": "CCD4", "CITY": "Oakland", "ZIPCODE": 94602, "LOT_SIZE": "156            ", "BLD_SIZE": null}}, {"type": "Feature", "geometry": {"type": "Polygon", "coordinates": [[[-122.17367, 37.79443], [-122.17362, 37.79446], [-122.17359, 37.79446], [-122.17356, 37.79447], [-122.17353, 37.79447], [-122.1735, 37.79448], [-122.17347, 37.79449], [-122.17233, 37.79478], [-122.17233, 37.7948], [-122.17235, 37.7948], [-122.17235, 37.7948], [-122.17236, 37.79479], [-122.17237, 37.79479], [-122.17238, 37.79479], [-122.17238, 37.79479], [-122.17239, 37.79479], [-122.1724, 37.79479], [-122.17241, 37.79479], [-122.17241, 37.79479], [-122.17242, 37.79479], [-122.17243, 37.79479], [-122.17244, 37.79479], [-122.17244, 37.79479], [-122.17245, 37.79479], [-122.17246, 37.79479], [-122.17247, 37.79479], [-122.17247, 37.79479], [-122.17248, 37.79479], [-122.17249, 37.79479], [-122.1725, 37.79479], [-122.1725, 37.79479], [-122.17251, 37.79479], [-122.17252, 37.79479], [-122.17253, 37.79479], [-122.17253, 37.79479], [-122.17254, 37.79479], [-122.17255, 37.79479], [-122.17256, 37.79479], [-122.17256, 37.7948], [-122.17257, 37.7948], [-122.17258, 37.7948], [-122.17259, 37.7948], [-122.17259, 37.7948], [-122.1726, 37.7948], [-122.17261, 37.79481], [-122.17261, 37.79481], [-122.17262, 37.79481], [-122.17263, 37.79481], [-122.17263, 37.79481], [-122.17264, 37.79482], [-122.17265, 37.79482], [-122.17266, 37.79482], [-122.17266, 37.79482], [-122.17267, 37.79483], [-122.17268, 37.79483], [-122.17268, 37.79483], [-122.17269, 37.79484], [-122.17269, 37.79484], [-122.1727, 37.79484], [-122.17271, 37.79485], [-122.17271, 37.79485], [-122.17272, 37.79485], [-122.17273, 37.79486], [-122.17273, 37.79486], [-122.1736, 37.79464], [-122.17363, 37.79463], [-122.17365, 37.79463], [-122.17368, 37.79462], [-122.1737, 37.79462], [-122.17373, 37.79461], [-122.17376, 37.79461], [-122.17378, 37.7946], [-122.17381, 37.7946], [-122.17384, 37.7946], [-122.17386, 37.79459], [-122.17389, 37.79459], [-122.17391, 37.79459], [-122.17394, 37.79459], [-122.17397, 37.79459], [-122.174, 37.79458], [-122.17402, 37.79458], [-122.17405, 37.79458], [-122.17408, 37.79458], [-122.1741, 37.79458], [-122.17413, 37.79458], [-122.17416, 37.79458], [-122.17418, 37.79459], [-122.17421, 37.79459], [-122.17424, 37.79459], [-122.17426, 37.79459], [-122.17429, 37.7946], [-122.17462, 37.79463], [-122.17446, 37.79449], [-122.17433, 37.79438], [-122.1743, 37.79437], [-122.17427, 37.79437], [-122.17424, 37.79437], [-122.17421, 37.79436], [-122.17418, 37.79436], [-122.17414, 37.79436], [-122.17411, 37.79436], [-122.17408, 37.79435], [-122.17405, 37.79435], [-122.17402, 37.79435], [-122.17398, 37.79435], [-122.17395, 37.79435], [-122.17392, 37.79435], [-122.17389, 37.79436], [-122.17386, 37.79436], [-122.17382, 37.79436], [-122.17379, 37.79436], [-122.17375, 37.79437], [-122.17367, 37.79443]]]}, "properties": {"APN": "037A 3138 001 01", "ST_NO": null, "STNAME": "Redwood Rd", "OWNER": "City of Oakland", "AGENCY": "LEA", "DEPT": "OPR", "USE": "Leona Heights", "COUNCIL_DISTRICT": "CCD6", "CITY": "Oakland", "ZIPCODE": 94619, "LOT_SIZE": null, "BLD_SIZE": null}}, {"type": "Feature", "geometry": {"type": "Polygon", "coordinates": [[[-122.18608, 37.79825], [-122.18613, 37.79828], [-122.18614, 37.79829], [-122.18615, 37.79829], [-122.18616, 37.79829], [-122.18617, 37.7983], [-122.18617, 37.7983], [-122.18618, 37.7983], [-122.18619, 37.79831], [-122.1862, 37.79831], [-122.18621, 37.79831], [-122.18622, 37.79832], [-122.18623, 37.79832], [-122.18623, 37.79832], [-122.18624, 37.79833], [-122.18625, 37.79833], [-122.18626, 37.79833], [-122.18627, 37.79833], [-122.18628, 37.79834], [-122.18629, 37.79834], [-122.1863, 37.79834], [-122.18631, 37.79834], [-122.18632, 37.79834], [-122.18633, 37.79834], [-122.18634, 37.79835], [-122.18634, 37.79835], [-122.18636, 37.79835], [-122.18657, 37.79837], [-122.18656, 37.79793], [-122.18608, 37.79825]]]}, "properties": {"APN": "030 1869 058 03", "ST_NO": null, "STNAME": "Aliso Av", "OWNER": "City of Oakland", "AGENCY": "LEA", "DEPT": "OPR", "USE": "Redwood Heights Rec Cente", "COUNCIL_DISTRICT": "CCD4", "CITY": "Oakland", "ZIPCODE": 94619, "LOT_SIZE": "12490          ", "BLD_SIZE": null}}, {"type": "Feature", "geometry": {"type": "Polygon", "coordinates": [[[-122.18227, 37.79322], [-122.18236, 37.79322], [-122.18247, 37.79313], [-122.18255, 37.79319], [-122.18255, 37.79319], [-122.18255, 37.79319], [-122.18255, 37.79319], [-122.18255, 37.79319], [-122.18256, 37.79318], [-122.18256, 37.79318], [-122.18256, 37.79318], [-122.18256, 37.79318], [-122.18256, 37.79318], [-122.18256, 37.79318], [-122.18256, 37.79318], [-122.18256, 37.79318], [-122.18256, 37.79318], [-122.18256, 37.79317], [-122.18256, 37.79317], [-122.18256, 37.79317], [-122.18256, 37.79317], [-122.18256, 37.79317], [-122.18256, 37.79317], [-122.18256, 37.79317], [-122.18256, 37.79317], [-122.18256, 37.79316], [-122.18256, 37.79316], [-122.18256, 37.79316], [-122.18256, 37.79316], [-122.18256, 37.79316], [-122.18256, 37.79316], [-122.18256, 37.79316], [-122.18256, 37.79315], [-122.18256, 37.79315], [-122.18256, 37.79315], [-122.18256, 37.79315], [-122.18256, 37.79315], [-122.18256, 37.79315], [-122.18256, 37.79315], [-122.18256, 37.79315], [-122.18256, 37.79314], [-122.18256, 37.79314], [-122.18256, 37.79314], [-122.18256, 37.79314], [-122.18256, 37.79314], [-122.18256, 37.79314], [-122.18256, 37.79314], [-122.18255, 37.79314], [-122.18255, 37.79314], [-122.18203, 37.79261], [-122.182, 37.79258], [-122.18197, 37.79256], [-122.18195, 37.79253], [-122.18193, 37.79251], [-122.18191, 37.79248], [-122.18189, 37.79246], [-122.18187, 37.79243], [-122.18185, 37.79241], [-122.18183, 37.79238], [-122.18181, 37.79235], [-122.1818, 37.79233], [-122.18178, 37.7923], [-122.18176, 37.79227], [-122.18175, 37.79225], [-122.18173, 37.79222], [-122.18172, 37.79219], [-122.1817, 37.79216], [-122.18169, 37.79214], [-122.18168, 37.79211], [-122.18166, 37.79208], [-122.18157, 37.79185], [-122.18157, 37.79193], [-122.18164, 37.79226], [-122.1818, 37.79273], [-122.18193, 37.79291], [-122.18205, 37.79305], [-122.18227, 37.79322]]]}, "properties": {"APN": "037 2605 088 00", "ST_NO": null, "STNAME": "Aliso Av", "OWNER": "City of Oakland", "AGENCY": "LEA", "DEPT": "OPR", "USE": "McCrea Park", "COUNCIL_DISTRICT": "CCD4", "CITY": "Oakland", "ZIPCODE": 94619, "LOT_SIZE": "80768          ", "BLD_SIZE": null}}, {"type": "Feature", "geometry": {"type": "Polygon", "coordinates": [[[-122.13578, 37.75809], [-122.13604, 37.75815], [-122.13604, 37.75814], [-122.13618, 37.75771], [-122.13547, 37.75756], [-122.13544, 37.75756], [-122.13541, 37.75755], [-122.13538, 37.75754], [-122.13535, 37.75754], [-122.13532, 37.75753], [-122.13529, 37.75752], [-122.13527, 37.75751], [-122.13513, 37.75796], [-122.13546, 37.75803], [-122.13578, 37.75809]]]}, "properties": {"APN": "048 6405 001 02", "ST_NO": null, "STNAME": "Golf Links Rd", "OWNER": "City of Oakland", "AGENCY": "LEA", "DEPT": "OPR", "USE": "Knowland Park", "COUNCIL_DISTRICT": "CCD7", "CITY": "Oakland", "ZIPCODE": 94605, "LOT_SIZE": "117176         ", "BLD_SIZE": null}}, {"type": "Feature", "geometry": {"type": "Polygon", "coordinates": [[[-122.14189, 37.74659], [-122.14191, 37.74663], [-122.14193, 37.74665], [-122.14196, 37.74665], [-122.14306, 37.74605], [-122.1433, 37.74591], [-122.14376, 37.74566], [-122.14386, 37.74561], [-122.14314, 37.74476], [-122.14384, 37.74435], [-122.14374, 37.74429], [-122.14379, 37.74422], [-122.14411, 37.74407], [-122.14414, 37.74411], [-122.14415, 37.74411], [-122.14416, 37.7441], [-122.14417, 37.7441], [-122.14418, 37.7441], [-122.14419, 37.74409], [-122.1442, 37.74409], [-122.14421, 37.74408], [-122.14422, 37.74408], [-122.14423, 37.74407], [-122.14423, 37.74407], [-122.14424, 37.74406], [-122.14425, 37.74406], [-122.14376, 37.74337], [-122.14375, 37.74336], [-122.14374, 37.74335], [-122.14373, 37.74333], [-122.14372, 37.74332], [-122.14371, 37.74331], [-122.1437, 37.7433], [-122.14369, 37.74328], [-122.14367, 37.74327], [-122.14366, 37.74326], [-122.14365, 37.74325], [-122.14364, 37.74324], [-122.14363, 37.74323], [-122.14361, 37.74322], [-122.14344, 37.74306], [-122.14483, 37.74251], [-122.14476, 37.7424], [-122.14463, 37.74248], [-122.14316, 37.74306], [-122.14156, 37.74234], [-122.14024, 37.74083], [-122.1411, 37.73916], [-122.14145, 37.73896], [-122.14092, 37.73871], [-122.14023, 37.7377], [-122.14007, 37.73776], [-122.13997, 37.7376], [-122.13978, 37.73758], [-122.13729, 37.73913], [-122.13779, 37.73991], [-122.13996, 37.74335], [-122.14, 37.74341], [-122.14026, 37.74383], [-122.14027, 37.7439], [-122.14035, 37.74469], [-122.14082, 37.74461], [-122.1411, 37.7446], [-122.14157, 37.74496], [-122.14175, 37.74546], [-122.14156, 37.74569], [-122.1416, 37.74584], [-122.14163, 37.74605], [-122.14174, 37.74607], [-122.14177, 37.7462], [-122.14188, 37.7464], [-122.14205, 37.74651], [-122.14194, 37.74656], [-122.14194, 37.74657], [-122.14193, 37.74657], [-122.14193, 37.74657], [-122.14192, 37.74657], [-122.14192, 37.74658], [-122.14191, 37.74658], [-122.14191, 37.74658], [-122.1419, 37.74658], [-122.1419, 37.74658], [-122.14189, 37.74659], [-122.14189, 37.74659]]]}, "properties": {"APN": "048 5658 001 07", "ST_NO": null, "STNAME": "Peralta Oaks Ct", "OWNER": "City of Oakland", "AGENCY": "LEA", "DEPT": "OPR", "USE": "Dunsmuir House", "COUNCIL_DISTRICT": "CCD7", "CITY": "Oakland", "ZIPCODE": 94605, "LOT_SIZE": "1045440        ", "BLD_SIZE": null}}, {"type": "Feature", "geometry": {"type": "Polygon", "coordinates": [[[-122.1972, 37.74898], [-122.19719, 37.74907], [-122.19742, 37.74907], [-122.19742, 37.74898], [-122.1972, 37.74898]]]}, "properties": {"APN": "042 4328 001 25", "ST_NO": null, "STNAME": "Hegenberger Rd", "OWNER": "City of Oakland", "AGENCY": "PWA", "DEPT": "Maintenance", "USE": "Coliseum Storage Lot", "COUNCIL_DISTRICT": "CCD7", "CITY": "Oakland", "ZIPCODE": 94621, "LOT_SIZE": "1039           ", "BLD_SIZE": null}}, {"type": "Feature", "geometry": {"type": "Polygon", "coordinates": [[[-122.2011, 37.74677], [-122.20092, 37.74657], [-122.20075, 37.74645], [-122.20069, 37.74638], [-122.20064, 37.74633], [-122.20061, 37.74629], [-122.20057, 37.74626], [-122.20054, 37.74622], [-122.2005, 37.74619], [-122.20046, 37.74615], [-122.20043, 37.74612], [-122.20039, 37.74609], [-122.20035, 37.74606], [-122.20031, 37.74602], [-122.20026, 37.74599], [-122.20022, 37.74596], [-122.20018, 37.74593], [-122.20014, 37.7459], [-122.19976, 37.74565], [-122.1997, 37.74561], [-122.19967, 37.74559], [-122.19964, 37.74557], [-122.19961, 37.74555], [-122.19959, 37.74552], [-122.19956, 37.7455], [-122.19953, 37.74548], [-122.19951, 37.74545], [-122.19948, 37.74543], [-122.19946, 37.74541], [-122.19944, 37.74539], [-122.19897, 37.74533], [-122.19936, 37.74565], [-122.19955, 37.74581], [-122.19967, 37.7459], [-122.19979, 37.74599], [-122.19991, 37.74607], [-122.201, 37.74683], [-122.2011, 37.74677]]]}, "properties": {"APN": "042 4328 004 08", "ST_NO": null, "STNAME": "South Coliseum Wy", "OWNER": "City of Oakland", "AGENCY": "PWA", "DEPT": "Maintenance", "USE": "Vacant Lot", "COUNCIL_DISTRICT": "CCD7", "CITY": "Oakland", "ZIPCODE": 94621, "LOT_SIZE": "184477         ", "BLD_SIZE": null}}, {"type": "Feature", "geometry": {"type": "Polygon", "coordinates": [[[-122.16281, 37.74788], [-122.16201, 37.74826], [-122.16305, 37.74966], [-122.16385, 37.74928], [-122.16281, 37.74788]]]}, "properties": {"APN": "046 5468 003 03", "ST_NO": "9600", "STNAME": "Sunnyside St", "OWNER": "City of Oakland", "AGENCY": "LEA", "DEPT": "OPR", "USE": "Verdese Carter Park", "COUNCIL_DISTRICT": "CCD7", "CITY": "Oakland", "ZIPCODE": null, "LOT_SIZE": "118919         ", "BLD_SIZE": null}}, {"type": "Feature", "geometry": {"type": "Polygon", "coordinates": [[[-122.19501, 37.75163], [-122.19486, 37.75172], [-122.19542, 37.75207], [-122.19654, 37.75135], [-122.19611, 37.75092], [-122.19599, 37.751], [-122.19586, 37.75123], [-122.19572, 37.75146], [-122.19548, 37.7518], [-122.19548, 37.7518], [-122.19548, 37.7518], [-122.19548, 37.7518], [-122.19548, 37.7518], [-122.19548, 37.75181], [-122.19548, 37.75181], [-122.19548, 37.75181], [-122.19547, 37.75181], [-122.19547, 37.75181], [-122.19547, 37.75181], [-122.19547, 37.75181], [-122.19547, 37.75181], [-122.19547, 37.75181], [-122.19547, 37.75181], [-122.19547, 37.75181], [-122.19547, 37.75181], [-122.19547, 37.75181], [-122.19547, 37.75182], [-122.19547, 37.75182], [-122.19546, 37.75182], [-122.19546, 37.75182], [-122.19546, 37.75182], [-122.19546, 37.75182], [-122.19546, 37.75182], [-122.19546, 37.75182], [-122.19546, 37.75182], [-122.19546, 37.75182], [-122.19546, 37.75182], [-122.19546, 37.75182], [-122.19546, 37.75182], [-122.19545, 37.75182], [-122.19545, 37.75182], [-122.19545, 37.75182], [-122.19545, 37.75182], [-122.19545, 37.75182], [-122.19545, 37.75182], [-122.19545, 37.75183], [-122.19545, 37.75183], [-122.19545, 37.75183], [-122.19544, 37.75183], [-122.19544, 37.75183], [-122.19544, 37.75183], [-122.19544, 37.75183], [-122.19544, 37.75183], [-122.19544, 37.75183], [-122.19544, 37.75183], [-122.19544, 37.75183], [-122.19544, 37.75183], [-122.19543, 37.75183], [-122.19543, 37.75183], [-122.19543, 37.75183], [-122.19543, 37.75183], [-122.19543, 37.75183], [-122.19543, 37.75183], [-122.19543, 37.75183], [-122.19543, 37.75183], [-122.19542, 37.75183], [-122.19542, 37.75183], [-122.19542, 37.75183], [-122.19542, 37.75183], [-122.19542, 37.75183], [-122.19542, 37.75183], [-122.19542, 37.75183], [-122.19542, 37.75183], [-122.19541, 37.75183], [-122.19541, 37.75183], [-122.19541, 37.75183], [-122.19541, 37.75183], [-122.19541, 37.75183], [-122.19541, 37.75183], [-122.19541, 37.75183], [-122.19541, 37.75183], [-122.19541, 37.75183], [-122.1954, 37.75183], [-122.1954, 37.75183], [-122.1954, 37.75183], [-122.1954, 37.75183], [-122.1954, 37.75183], [-122.1954, 37.75183], [-122.1954, 37.75183], [-122.1954, 37.75183], [-122.19539, 37.75183], [-122.19539, 37.75183], [-122.19539, 37.75183], [-122.19539, 37.75182], [-122.19539, 37.75182], [-122.19539, 37.75182], [-122.19539, 37.75182], [-122.19539, 37.75182], [-122.19539, 37.75182], [-122.19538, 37.75182], [-122.19538, 37.75182], [-122.19538, 37.75182], [-122.19538, 37.75182], [-122.19501, 37.75163]]]}, "properties": {"APN": "041 4175 003 03", "ST_NO": "7501", "STNAME": "San Leandro St", "OWNER": "City of Oakland", "AGENCY": "PWA", "DEPT": "Maintenance", "USE": "Street Remnant", "COUNCIL_DISTRICT": "CCD7", "CITY": "Oakland", "ZIPCODE": 94621, "LOT_SIZE": null, "BLD_SIZE": null}}, {"type": "Feature", "geometry": {"type": "Polygon", "coordinates": [[[-122.17403, 37.7436], [-122.17422, 37.74351], [-122.174, 37.74323], [-122.17393, 37.74326], [-122.17382, 37.74332], [-122.17403, 37.7436]]]}, "properties": {"APN": "044 4959 018 00", "ST_NO": null, "STNAME": "97th Av", "OWNER": "City of Oakland", "AGENCY": "LEA", "DEPT": "OPR", "USE": "Elmhurst Plaza", "COUNCIL_DISTRICT": "CCD7", "CITY": "Oakland", "ZIPCODE": 94603, "LOT_SIZE": "11100          ", "BLD_SIZE": null}}, {"type": "Feature", "geometry": {"type": "Polygon", "coordinates": [[[-122.20497, 37.78153], [-122.20472, 37.78131], [-122.20451, 37.78113], [-122.20437, 37.781], [-122.20421, 37.78111], [-122.20435, 37.78123], [-122.20484, 37.78167], [-122.20497, 37.78153]]]}, "properties": {"APN": "032 2044 004 00", "ST_NO": "2532", "STNAME": "High St", "OWNER": null, "AGENCY": null, "DEPT": null, "USE": "Courtland Creek", "COUNCIL_DISTRICT": "CCD4", "CITY": "Oakland", "ZIPCODE": null, "LOT_SIZE": "3839           ", "BLD_SIZE": null}}, {"type": "Feature", "geometry": {"type": "Polygon", "coordinates": [[[-122.13359, 37.76972], [-122.13361, 37.76974], [-122.13362, 37.76975], [-122.13363, 37.76976], [-122.13364, 37.76977], [-122.13365, 37.76978], [-122.13366, 37.76979], [-122.13367, 37.7698], [-122.13368, 37.76981], [-122.13369, 37.76982], [-122.1337, 37.76983], [-122.13371, 37.76984], [-122.13372, 37.76986], [-122.13373, 37.76987], [-122.13374, 37.76988], [-122.13374, 37.76989], [-122.13375, 37.7699], [-122.13376, 37.76992], [-122.13377, 37.76993], [-122.13377, 37.76994], [-122.13378, 37.76995], [-122.1341, 37.77066], [-122.13486, 37.77026], [-122.13485, 37.77024], [-122.13485, 37.77023], [-122.13485, 37.77023], [-122.13485, 37.77022], [-122.13484, 37.77021], [-122.13484, 37.7702], [-122.13484, 37.77019], [-122.13484, 37.77018], [-122.13484, 37.77017], [-122.13484, 37.77016], [-122.13484, 37.77015], [-122.13484, 37.77014], [-122.13484, 37.77014], [-122.13484, 37.77013], [-122.13484, 37.77012], [-122.13484, 37.77011], [-122.13484, 37.7701], [-122.13484, 37.7701], [-122.1343, 37.77009], [-122.13432, 37.7698], [-122.13433, 37.76978], [-122.13451, 37.76955], [-122.13399, 37.76948], [-122.13359, 37.76972]]]}, "properties": {"APN": "048 6818 001 01", "ST_NO": null, "STNAME": "Sequoyah Rd", "OWNER": "City of Oakland", "AGENCY": "PWA", "DEPT": "Maintenance", "USE": "Open Space, grass", "COUNCIL_DISTRICT": "CCD7", "CITY": "Oakland", "ZIPCODE": 94605, "LOT_SIZE": "1.699          ", "BLD_SIZE": null}}, {"type": "Feature", "geometry": {"type": "Polygon", "coordinates": [[[-122.26483, 37.79914], [-122.26498, 37.79889], [-122.26473, 37.7988], [-122.26458, 37.79904], [-122.26483, 37.79914]]]}, "properties": {"APN": "002 0085 002 00", "ST_NO": null, "STNAME": "11th St", "OWNER": null, "AGENCY": null, "DEPT": null, "USE": null, "COUNCIL_DISTRICT": null, "CITY": "Oakland", "ZIPCODE": null, "LOT_SIZE": null, "BLD_SIZE": null}}, {"type": "Feature", "geometry": {"type": "Polygon", "coordinates": [[[-122.1794, 37.74627], [-122.17959, 37.74652], [-122.1797, 37.74647], [-122.17951, 37.74621], [-122.17943, 37.74625], [-122.1794, 37.74627]]]}, "properties": {"APN": "044 4958 038 00", "ST_NO": null, "STNAME": "91st Av", "OWNER": null, "AGENCY": null, "DEPT": null, "USE": null, "COUNCIL_DISTRICT": null, "CITY": "Oakland", "ZIPCODE": null, "LOT_SIZE": "4869           ", "BLD_SIZE": null}}, {"type": "Feature", "geometry": {"type": "Polygon", "coordinates": [[[-122.16585, 37.75851], [-122.166, 37.75886], [-122.16623, 37.75875], [-122.166, 37.75843], [-122.16585, 37.75851]]]}, "properties": {"APN": "043 4574 001 00", "ST_NO": "2334", "STNAME": "85th Av", "OWNER": null, "AGENCY": null, "DEPT": null, "USE": null, "COUNCIL_DISTRICT": "CCD7", "CITY": "Oakland", "ZIPCODE": null, "LOT_SIZE": null, "BLD_SIZE": null}}, {"type": "Feature", "geometry": {"type": "Polygon", "coordinates": [[[-122.18842, 37.781], [-122.1884, 37.78114], [-122.18885, 37.78104], [-122.18881, 37.78093], [-122.18881, 37.78093], [-122.18864, 37.78096], [-122.18842, 37.781]]]}, "properties": {"APN": "036 2503 032 00", "ST_NO": "3371", "STNAME": "Wyman St", "OWNER": "City of Oakland", "AGENCY": "CEDA", "DEPT": "Housing", "USE": "Open Space, Chaparral", "COUNCIL_DISTRICT": "CCD6", "CITY": "Oakland", "ZIPCODE": 94619, "LOT_SIZE": "6053           ", "BLD_SIZE": null}}, {"type": "Feature", "geometry": {"type": "Polygon", "coordinates": [[[-122.2139, 37.78263], [-122.21423, 37.78283], [-122.21425, 37.78281], [-122.21385, 37.78256], [-122.21359, 37.78241], [-122.21356, 37.78242], [-122.2139, 37.78263]]]}, "properties": {"APN": "032 2091 071 00", "ST_NO": "2108", "STNAME": "Harrington Av", "OWNER": "City of Oakland", "AGENCY": "PWA", "DEPT": "Maintenance", "USE": "Stairway", "COUNCIL_DISTRICT": "CCD5", "CITY": "Oakland", "ZIPCODE": 94601, "LOT_SIZE": "2435           ", "BLD_SIZE": null}}, {"type": "Feature", "geometry": {"type": "Polygon", "coordinates": [[[-122.14138, 37.76242], [-122.14139, 37.76244], [-122.14139, 37.76241], [-122.14139, 37.76236], [-122.14135, 37.76239], [-122.14135, 37.76244], [-122.14138, 37.76242]]]}, "properties": {"APN": "048 6868 001 05", "ST_NO": null, "STNAME": "Oak Hill Rd", "OWNER": "City of Oakland", "AGENCY": "PWA", "DEPT": "Maintenance", "USE": "Oak Hill Knoll", "COUNCIL_DISTRICT": "CCD7", "CITY": "Oakland", "ZIPCODE": 94605, "LOT_SIZE": "150            ", "BLD_SIZE": null}}, {"type": "Feature", "geometry": {"type": "Polygon", "coordinates": [[[-122.18179, 37.72946], [-122.1817, 37.72959], [-122.18162, 37.72972], [-122.18161, 37.72973], [-122.18185, 37.72983], [-122.18225, 37.7292], [-122.18211, 37.72914], [-122.18204, 37.72926], [-122.18197, 37.72936], [-122.18188, 37.72934], [-122.18187, 37.72934], [-122.18179, 37.72946]]]}, "properties": {"APN": "045 5370 022 00", "ST_NO": null, "STNAME": "Knight St", "OWNER": "City of Oakland", "AGENCY": "PWA", "DEPT": "Maintenance", "USE": "Storm Drainage Area", "COUNCIL_DISTRICT": "CCD7", "CITY": "Oakland", "ZIPCODE": 94603, "LOT_SIZE": "16625          ", "BLD_SIZE": null}}, {"type": "Feature", "geometry": {"type": "Polygon", "coordinates": [[[-122.28613, 37.81266], [-122.28815, 37.81312], [-122.28861, 37.81186], [-122.2857, 37.81119], [-122.2853, 37.81231], [-122.28613, 37.81266]]]}, "properties": {"APN": "005 0389 001 00", "ST_NO": "1269", "STNAME": "18th St", "OWNER": "City of Oakland", "AGENCY": "LEA", "DEPT": "OPR", "USE": "Defremery Park Pool Bldg.", "COUNCIL_DISTRICT": "CCD3", "CITY": "Oakland", "ZIPCODE": 94607, "LOT_SIZE": "9.44           ", "BLD_SIZE": null}}, {"type": "Feature", "geometry": {"type": "Polygon", "coordinates": [[[-122.29658, 37.81223], [-122.2967, 37.8123], [-122.29691, 37.81203], [-122.29651, 37.81182], [-122.29629, 37.81209], [-122.29636, 37.81212], [-122.29644, 37.81216], [-122.29658, 37.81223]]]}, "properties": {"APN": "006 0011 019 00", "ST_NO": "1694", "STNAME": "13th St", "OWNER": "City of Oakland", "AGENCY": "LEA", "DEPT": "OPR", "USE": "Willow Mini Park", "COUNCIL_DISTRICT": "CCD3", "CITY": "Oakland", "ZIPCODE": 94607, "LOT_SIZE": "16142          ", "BLD_SIZE": null}}, {"type": "Feature", "geometry": {"type": "Polygon", "coordinates": [[[-122.28417, 37.81102], [-122.28433, 37.81105], [-122.28436, 37.81097], [-122.28419, 37.81094], [-122.28417, 37.81102]]]}, "properties": {"APN": "005 0387 014 00", "ST_NO": "1606", "STNAME": "Chestnut St", "OWNER": "Redevelopment Agency", "AGENCY": "CEDA", "DEPT": "Housing", "USE": "Private house", "COUNCIL_DISTRICT": "CCD3", "CITY": "Oakland", "ZIPCODE": 94607, "LOT_SIZE": "0              ", "BLD_SIZE": null}}, {"type": "Feature", "geometry": {"type": "Polygon", "coordinates": [[[-122.29658, 37.81223], [-122.29644, 37.81216], [-122.29625, 37.81239], [-122.29639, 37.81246], [-122.29658, 37.81223]]]}, "properties": {"APN": "006 0011 002 00", "ST_NO": "1693", "STNAME": "14th St", "OWNER": "City of Oakland", "AGENCY": "LEA", "DEPT": "OPR", "USE": "Willow Mini Park", "COUNCIL_DISTRICT": "CCD3", "CITY": "Oakland", "ZIPCODE": 94607, "LOT_SIZE": "4611           ", "BLD_SIZE": null}}, {"type": "Feature", "geometry": {"type": "Polygon", "coordinates": [[[-122.2854, 37.8131], [-122.28542, 37.81304], [-122.28543, 37.81302], [-122.28507, 37.81294], [-122.28504, 37.81302], [-122.2854, 37.8131]]]}, "properties": {"APN": "005 0404 003 00", "ST_NO": null, "STNAME": "Adeline St", "OWNER": "City of Oakland", "AGENCY": "PWA", "DEPT": "Muni Bldgs.", "USE": "West Oakland  Multiservice", "COUNCIL_DISTRICT": "CCD3", "CITY": "Oakland", "ZIPCODE": 94607, "LOT_SIZE": null, "BLD_SIZE": null}}, {"type": "Feature", "geometry": {"type": "Polygon", "coordinates": [[[-122.26733, 37.79841], [-122.26764, 37.79792], [-122.26671, 37.79755], [-122.2664, 37.79804], [-122.26733, 37.79841]]]}, "properties": {"APN": "001 0177 001 00", "ST_NO": "163", "STNAME": "9th St", "OWNER": "City of Oakland", "AGENCY": "LEA", "DEPT": "OPR", "USE": "Park", "COUNCIL_DISTRICT": "CCD2", "CITY": "Oakland", "ZIPCODE": null, "LOT_SIZE": "15748          ", "BLD_SIZE": null}}, {"type": "Feature", "geometry": {"type": "Polygon", "coordinates": [[[-122.16853, 37.78906], [-122.16881, 37.789], [-122.17199, 37.79053], [-122.17293, 37.79167], [-122.17289, 37.79283], [-122.17355, 37.7927], [-122.1736, 37.79151], [-122.17254, 37.79021], [-122.16957, 37.78878], [-122.1685, 37.789], [-122.16819, 37.78906], [-122.16816, 37.78907], [-122.16798, 37.78852], [-122.16797, 37.7885], [-122.16797, 37.78848], [-122.16796, 37.78846], [-122.16796, 37.78843], [-122.16796, 37.78841], [-122.16795, 37.78839], [-122.16795, 37.78837], [-122.16795, 37.78835], [-122.16795, 37.78833], [-122.16794, 37.7883], [-122.16794, 37.78828], [-122.16794, 37.78824], [-122.16794, 37.78778], [-122.16794, 37.78777], [-122.16794, 37.78776], [-122.16794, 37.78774], [-122.16794, 37.78773], [-122.16794, 37.78772], [-122.16794, 37.7877], [-122.16794, 37.78769], [-122.16793, 37.78768], [-122.16793, 37.78767], [-122.16793, 37.78765], [-122.16793, 37.78764], [-122.16792, 37.78763], [-122.16792, 37.78762], [-122.16792, 37.7876], [-122.16791, 37.78759], [-122.16791, 37.78758], [-122.1679, 37.78757], [-122.1679, 37.78756], [-122.16789, 37.78754], [-122.16789, 37.78753], [-122.16788, 37.78752], [-122.16787, 37.78751], [-122.16787, 37.7875], [-122.16786, 37.78749], [-122.16786, 37.78747], [-122.16785, 37.78746], [-122.16784, 37.78745], [-122.16783, 37.78744], [-122.16783, 37.78743], [-122.16782, 37.78742], [-122.16781, 37.78741], [-122.1678, 37.7874], [-122.16779, 37.78739], [-122.16778, 37.78737], [-122.16777, 37.78736], [-122.16776, 37.78735], [-122.16776, 37.78734], [-122.16775, 37.78733], [-122.16774, 37.78732], [-122.16772, 37.78731], [-122.16771, 37.7873], [-122.1677, 37.7873], [-122.16769, 37.78729], [-122.16768, 37.78728], [-122.16767, 37.78727], [-122.16766, 37.78726], [-122.16765, 37.78725], [-122.16764, 37.78724], [-122.16762, 37.78723], [-122.16761, 37.78723], [-122.1676, 37.78722], [-122.16759, 37.78721], [-122.16757, 37.7872], [-122.16756, 37.78719], [-122.16755, 37.78719], [-122.16753, 37.78718], [-122.16752, 37.78717], [-122.16751, 37.78717], [-122.16749, 37.78716], [-122.16748, 37.78715], [-122.16747, 37.78715], [-122.16745, 37.78714], [-122.16744, 37.78714], [-122.16742, 37.78713], [-122.16741, 37.78712], [-122.16739, 37.78712], [-122.16738, 37.78711], [-122.16736, 37.78711], [-122.16735, 37.78711], [-122.16733, 37.7871], [-122.16732, 37.7871], [-122.1673, 37.78709], [-122.16665, 37.78689], [-122.16663, 37.78691], [-122.16729, 37.78712], [-122.16731, 37.78712], [-122.16732, 37.78713], [-122.16734, 37.78713], [-122.16735, 37.78714], [-122.16737, 37.78714], [-122.16738, 37.78714], [-122.16739, 37.78715], [-122.16741, 37.78715], [-122.16742, 37.78716], [-122.16743, 37.78717], [-122.16745, 37.78717], [-122.16746, 37.78718], [-122.16748, 37.78718], [-122.16749, 37.78719], [-122.1675, 37.7872], [-122.16751, 37.7872], [-122.16753, 37.78721], [-122.16754, 37.78722], [-122.16755, 37.78722], [-122.16756, 37.78723], [-122.16758, 37.78724], [-122.16759, 37.78725], [-122.1676, 37.78725], [-122.16761, 37.78726], [-122.16762, 37.78727], [-122.16763, 37.78728], [-122.16765, 37.78729], [-122.16766, 37.7873], [-122.16767, 37.7873], [-122.16768, 37.78731], [-122.16769, 37.78732], [-122.1677, 37.78733], [-122.16771, 37.78734], [-122.16772, 37.78735], [-122.16773, 37.78736], [-122.16774, 37.78737], [-122.16775, 37.78738], [-122.16775, 37.78739], [-122.16776, 37.7874], [-122.16777, 37.78741], [-122.16778, 37.78742], [-122.16779, 37.78743], [-122.1678, 37.78744], [-122.1678, 37.78745], [-122.16781, 37.78746], [-122.16782, 37.78747], [-122.16782, 37.78749], [-122.16783, 37.7875], [-122.16784, 37.78751], [-122.16784, 37.78752], [-122.16785, 37.78753], [-122.16785, 37.78754], [-122.16786, 37.78755], [-122.16786, 37.78756], [-122.16787, 37.78758], [-122.16787, 37.78759], [-122.16788, 37.7876], [-122.16788, 37.78761], [-122.16789, 37.78762], [-122.16789, 37.78764], [-122.16789, 37.78765], [-122.1679, 37.78766], [-122.1679, 37.78767], [-122.1679, 37.78768], [-122.1679, 37.7877], [-122.1679, 37.78771], [-122.16791, 37.78772], [-122.16791, 37.78773], [-122.16791, 37.78774], [-122.16791, 37.78776], [-122.16791, 37.78777], [-122.16791, 37.78778], [-122.16791, 37.78824], [-122.16791, 37.78828], [-122.16791, 37.7883], [-122.16791, 37.78833], [-122.16791, 37.78835], [-122.16792, 37.78837], [-122.16792, 37.78839], [-122.16792, 37.78842], [-122.16793, 37.78844], [-122.16793, 37.78846], [-122.16793, 37.78848], [-122.16794, 37.78851], [-122.16795, 37.78853], [-122.16814, 37.78914], [-122.1682, 37.78913], [-122.16853, 37.78906]]]}, "properties": {"APN": "037 2685 001 16", "ST_NO": null, "STNAME": "Mcdonell Av", "OWNER": "City of Oakland", "AGENCY": "LEA", "DEPT": "OPR", "USE": "Open Space, wooded", "COUNCIL_DISTRICT": "CCD6", "CITY": "Oakland", "ZIPCODE": 94619, "LOT_SIZE": "9.26           ", "BLD_SIZE": null}}, {"type": "Feature", "geometry": {"type": "Polygon", "coordinates": [[[-122.27677, 37.80609], [-122.27687, 37.80613], [-122.27704, 37.80587], [-122.27708, 37.8058], [-122.27681, 37.8057], [-122.27673, 37.80567], [-122.27652, 37.806], [-122.27677, 37.80609]]]}, "properties": {"APN": "002 0019 009 00", "ST_NO": "660", "STNAME": "13th St", "OWNER": "Redevelopment Agency", "AGENCY": "CEDA", "DEPT": "Redevelopmen", "USE": "Preservation Park", "COUNCIL_DISTRICT": "CCD3", "CITY": "Oakland", "ZIPCODE": 94612, "LOT_SIZE": "9348           ", "BLD_SIZE": null}}, {"type": "Feature", "geometry": {"type": "Polygon", "coordinates": [[[-122.26993, 37.80496], [-122.27, 37.80499], [-122.2702, 37.80468], [-122.27012, 37.80465], [-122.27008, 37.80471], [-122.26993, 37.80496]]]}, "properties": {"APN": "008 0620 012 00", "ST_NO": "1620", "STNAME": null, "OWNER": "City of Oakland", "AGENCY": "CEDA", "DEPT": "Redevelopmen", "USE": "Parking Lot", "COUNCIL_DISTRICT": "CCD3", "CITY": "Oakland", "ZIPCODE": 94612, "LOT_SIZE": "0              ", "BLD_SIZE": null}}, {"type": "Feature", "geometry": {"type": "Polygon", "coordinates": [[[-122.21651, 37.78674], [-122.21655, 37.78677], [-122.21712, 37.78705], [-122.21719, 37.78695], [-122.21684, 37.78678], [-122.21662, 37.78668], [-122.21651, 37.78674]]]}, "properties": {"APN": "027 0877 025 02", "ST_NO": "2466", "STNAME": "34th Av", "OWNER": "City of Oakland", "AGENCY": "LEA", "DEPT": "OPR", "USE": "Peralta Hacienda Park", "COUNCIL_DISTRICT": "CCD5", "CITY": "Oakland", "ZIPCODE": 94601, "LOT_SIZE": "8010           ", "BLD_SIZE": null}}]}